name,role,minutes_played,accurate_passes,assists,chances_created,goals,pass_success,total_shots,blocked_shots,shot_accuracy,shot_off_target,shot_on_target,shots_woodwork,accurate_long_balls,crosses,key_passes,long_balls,passes,touches,aerials_lost,aerials_won,clearances,dispossessed,dribbles_attempted,dribbles_succeeded,duels_lost,duels_won,fouls,interceptions,recoveries,tackles_attempted,tackles_succeeded,was_fouled,is_a_sub,was_subbed,yellow_card,red_card,rating
Jordan Henderson,Midfielder,90,45,0,0,0,83%,2,1,50%,0,1,0,6,4,0,11,54,73,0,0,0,0,3,2,5,6,2,2,6,2,1,2,0,,,,7.4
Fabinho,Midfielder,90,33,0,0,0,79%,1,0,100%,0,1,0,1,0,1,3,42,61,0,1,0,1,1,1,3,11,1,2,10,8,5,1,0,,,,7.9
Georginio Wijnaldum,Midfielder,90,36,0,0,0,92%,0,0,0%,0,0,0,2,0,0,3,39,49,0,1,0,2,1,1,5,4,2,1,6,0,0,2,0,,,,6.6
Declan Rice,Midfielder,90,40,0,0,0,89%,0,0,0%,0,0,0,3,0,0,5,45,57,0,0,0,0,3,2,3,7,0,2,8,4,2,1,0,,,,5.1
Manuel Lanzini,Midfielder,90,39,0,0,0,81%,1,0,100%,0,1,0,2,1,0,2,48,62,0,1,0,1,3,3,3,6,0,0,6,1,1,1,0,,,,6.6
Jefferson Lerma,Midfielder,90,37,0,0,0,66%,2,1,0%,1,0,0,4,0,0,7,56,72,2,2,2,0,2,1,4,7,0,0,15,2,2,3,0,,,,6.8
Philip Billing,Midfielder,90,45,0,0,0,85%,2,0,50%,1,1,0,1,0,2,2,53,73,4,2,0,2,0,0,11,8,2,4,6,6,4,0,0,,,,6.9
Ryan Fraser,Midfielder,90,25,0,0,0,93%,1,0,0%,1,0,0,0,8,1,0,27,44,0,0,0,0,2,0,3,5,1,0,2,1,0,4,0,,1,,6.8
Jack Cork,Midfielder,90,23,0,0,0,64%,0,0,0%,0,0,0,1,0,0,3,36,43,2,3,0,0,0,0,5,4,1,1,8,1,1,0,0,,,,6.7
Johann Berg Gudmundsson,Midfielder,90,5,0,0,1,36%,2,0,50%,1,1,0,0,3,2,4,14,33,1,0,1,0,4,3,4,5,1,2,5,1,0,1,0,,,,8.2
Ashley Westwood,Midfielder,90,19,0,0,0,59%,0,0,0%,0,0,0,2,1,1,9,32,42,0,0,1,1,0,0,2,0,0,0,5,0,0,0,0,,,,6.5
Dwight McNeil,Midfielder,84,12,0,0,0,67%,0,0,0%,0,0,0,1,3,0,1,18,39,0,1,0,2,4,4,2,10,0,1,4,4,3,1,0,1,,,7.5
Andros Townsend,Midfielder,90,14,0,0,0,67%,0,0,0%,0,0,0,1,6,1,3,21,42,0,0,0,1,3,2,3,7,1,0,7,3,3,2,0,,,,7.1
James McArthur,Midfielder,90,20,0,0,0,59%,0,0,0%,0,0,0,0,0,1,2,34,51,0,1,1,0,2,2,5,8,4,3,10,5,4,0,0,,,,7.5
Luka Milivojevic,Midfielder,90,22,0,0,0,61%,0,0,0%,0,0,0,4,3,1,7,36,51,0,3,0,0,0,0,8,7,7,2,7,3,1,1,0,,1,,6.4
Max Meyer,Midfielder,90,11,0,0,0,52%,3,2,33%,0,1,0,0,3,0,1,21,41,2,0,1,1,2,1,6,4,1,1,5,3,2,0,0,,1,,6.5
Wilfred Ndidi,Midfielder,90,58,0,0,0,78%,1,0,0%,1,0,0,3,0,1,6,74,91,7,4,2,0,0,0,9,9,1,5,12,4,1,1,0,,,,7.4
Hamza Choudhury,Midfielder,61,51,0,0,0,94%,1,1,0%,0,0,0,1,0,1,1,54,65,1,1,0,0,2,0,4,3,0,1,1,1,1,1,0,1,,,6.5
Youri Tielemans,Midfielder,90,51,0,1,0,85%,3,1,0%,1,0,0,0,2,3,2,60,73,1,1,0,1,4,4,2,6,0,0,7,0,0,1,0,,,,7.4
James Maddison,Midfielder,90,56,0,0,0,88%,4,1,0%,3,0,0,2,15,2,3,64,99,0,0,0,3,6,4,7,7,2,0,8,1,0,2,0,,,,6.9
Will Hughes,Midfielder,90,17,0,0,0,74%,1,0,0%,1,0,0,0,2,0,1,23,51,0,0,0,3,2,1,7,5,3,4,1,1,0,3,0,,,,6
Étienne Capoue,Midfielder,90,52,0,0,0,87%,1,0,0%,1,0,0,6,0,0,7,60,77,0,0,0,4,2,1,6,5,1,3,5,1,0,3,0,,,,6
Abdoulaye Doucouré,Midfielder,90,40,0,0,0,75%,0,0,0%,0,0,0,0,0,2,1,53,60,0,1,0,0,1,1,1,5,1,1,9,1,0,2,0,,,,5.8
Moussa Sissoko,Midfielder,90,52,1,0,0,90%,4,2,0%,2,0,0,1,5,1,2,58,82,0,0,0,2,5,3,8,6,3,0,8,1,0,2,0,,,,7.5
Harry Winks,Midfielder,64,79,0,0,0,96%,1,0,0%,1,0,0,8,0,2,8,82,90,0,0,0,1,3,1,3,3,0,0,5,1,1,1,0,1,,,7.6
Tanguy Ndombélé,Midfielder,89,47,0,0,1,85%,2,0,50%,1,1,0,1,2,1,2,55,71,0,0,0,2,0,0,5,3,2,1,4,3,2,0,0,1,,,7.9
Isaac Hayden,Midfielder,90,26,0,0,0,84%,0,0,0%,0,0,0,0,0,1,0,31,51,1,1,2,0,3,3,4,10,1,4,9,4,2,2,0,,,,7.4
Sean Longstaff,Midfielder,67,18,0,0,0,69%,0,0,0%,0,0,0,1,0,0,2,26,32,2,2,0,0,0,0,4,5,1,0,3,3,2,0,0,1,,,6.1
Miguel Almiron,Midfielder,90,19,0,0,0,73%,2,1,0%,1,0,0,0,2,1,1,26,50,1,0,0,2,4,2,5,4,1,0,8,0,0,2,0,,1,,6.1
Scott McTominay,Midfielder,90,39,0,0,0,81%,0,0,0%,0,0,0,5,0,0,7,48,68,0,0,1,2,1,0,6,5,3,2,10,2,2,3,0,,,,6.8
Paul Pogba,Midfielder,90,48,2,1,0,76%,1,0,0%,1,0,0,6,1,4,7,63,84,2,4,1,4,3,1,11,6,2,0,10,1,1,0,0,,,,8.3
Jesse Lingard,Midfielder,86,23,0,0,0,88%,0,0,0%,0,0,0,0,0,1,2,26,36,0,0,0,2,4,4,8,5,4,0,3,0,0,1,0,1,1,,6.6
Andreas Pereira,Midfielder,74,11,1,1,0,73%,0,0,0%,0,0,0,2,4,1,4,15,26,0,1,0,0,1,0,7,4,1,0,1,2,2,1,0,1,,,7.2
Daniel Ceballos,Midfielder,83,63,2,0,0,90%,3,1,33%,1,1,0,4,5,3,6,70,97,2,0,0,3,4,4,10,9,2,0,7,2,2,3,0,1,,,8.7
Matteo Guendouzi,Midfielder,90,54,0,0,0,95%,1,0,100%,0,1,0,1,0,0,1,57,71,6,1,0,0,0,0,6,4,0,4,4,2,1,2,0,,,,6.9
Joseph Willock,Midfielder,90,56,0,0,0,88%,1,1,0%,0,0,0,6,1,2,9,64,79,1,1,2,1,3,3,4,5,3,1,6,1,0,0,0,,,,7.4
John McGinn,Midfielder,90,29,0,0,0,74%,6,1,50%,2,3,0,5,2,2,7,39,66,1,1,0,4,2,2,6,8,0,0,4,0,0,5,0,,,,7
Douglas Luiz,Midfielder,90,53,0,0,1,91%,2,1,50%,0,1,0,5,0,1,6,58,78,1,1,2,1,2,2,4,6,1,1,7,0,0,3,0,,,,7.1
Solly March,Midfielder,90,32,0,0,0,74%,1,0,100%,0,1,0,3,8,2,6,43,78,5,3,2,2,4,3,9,8,0,0,6,1,0,1,0,,,,6.7
Pascal Gross,Midfielder,67,30,0,2,0,86%,1,1,0%,0,0,0,2,5,5,2,35,54,1,3,0,1,0,0,6,6,1,0,3,3,1,0,0,1,,,7.2
Dale Stephens,Midfielder,90,45,0,0,0,82%,2,1,50%,0,1,0,3,0,0,6,55,69,0,1,4,0,0,0,4,5,1,2,12,3,1,1,0,,,,6.9
Davy Pröpper,Midfielder,90,51,0,0,0,80%,1,0,100%,0,1,0,2,2,1,4,64,86,1,4,1,1,1,1,9,7,3,3,5,2,1,0,0,,,,6.9
N'Golo Kanté,Midfielder,90,43,0,0,0,80%,1,1,0%,0,0,0,1,1,1,3,54,71,0,0,3,2,1,1,5,5,1,1,8,3,1,1,0,,,,6.7
Jorginho,Midfielder,71,35,0,0,0,76%,1,0,0%,1,0,0,4,0,0,7,46,55,1,1,0,0,2,1,6,4,2,1,5,2,1,0,0,1,1,,6.3
Mason Mount,Midfielder,90,27,0,0,1,84%,5,1,60%,1,3,0,0,5,1,1,32,63,1,2,1,6,1,1,9,8,1,2,6,3,2,2,0,,,,7.8
Jean-Philippe Gbamin,Midfielder,90,26,0,0,0,67%,0,0,0%,0,0,0,1,0,0,6,39,56,1,2,3,2,3,2,7,8,2,1,4,3,2,1,0,,,,7.3
André Gomes,Midfielder,90,30,0,0,0,83%,0,0,0%,0,0,0,1,0,2,2,36,48,2,0,0,2,3,2,9,5,1,0,11,2,1,1,0,,1,,6.8
Gylfi Sigurdsson,Midfielder,90,11,0,1,0,85%,1,1,0%,0,0,0,0,1,2,0,13,31,0,0,0,5,4,1,9,4,0,0,4,1,1,2,0,,,,6
Bernard,Midfielder,90,13,0,0,1,62%,2,1,50%,0,1,0,1,1,3,3,21,46,1,0,2,3,6,5,10,10,3,1,4,4,4,1,0,,,,8.4
Kevin De Bruyne,Midfielder,90,39,2,3,0,85%,4,1,25%,2,1,0,5,18,9,5,46,79,1,0,0,1,3,0,9,2,0,0,5,1,0,1,0,,,,8.7
Rodri,Midfielder,78,56,0,0,0,98%,1,0,100%,0,1,0,7,0,2,8,57,71,0,3,2,1,0,0,2,7,0,2,3,4,1,0,0,1,,,7.1
Ilkay Gündogan,Midfielder,90,57,0,0,0,86%,2,1,0%,1,0,0,1,1,3,4,66,76,0,0,0,0,0,0,5,1,1,2,10,0,0,1,0,,,,6.4
Tom Trybull,Midfielder,87,66,0,0,0,94%,1,0,0%,1,0,0,4,0,1,5,70,83,2,4,1,0,0,0,5,9,1,2,4,5,4,1,0,1,,,7.8
Moritz Leitner,Midfielder,90,95,0,0,0,90%,0,0,0%,0,0,0,5,0,0,8,105,118,1,0,1,1,3,3,3,7,0,0,12,2,2,2,0,,,,7.4
Marco Stiepermann,Midfielder,84,34,0,0,0,79%,2,1,50%,0,1,0,1,0,1,2,43,61,2,2,3,1,0,0,5,5,2,1,7,1,1,2,0,1,,,7.1
George Baldock,Midfielder,90,21,0,0,0,81%,0,0,0%,0,0,0,0,6,0,3,26,60,3,3,6,0,4,2,9,8,4,2,3,2,1,1,0,,1,,7.2
John Lundstram,Midfielder,90,38,0,1,1,88%,2,0,50%,1,1,0,6,2,1,7,43,70,0,1,4,1,2,0,6,5,1,2,6,4,2,0,0,,1,,8
Oliver Norwood,Midfielder,90,41,0,0,0,82%,1,1,0%,0,0,0,9,5,5,16,50,64,0,0,0,0,0,0,1,5,1,1,7,2,1,3,0,,,,7.8
Enda Stevens,Midfielder,90,31,0,0,0,78%,1,1,0%,0,0,0,2,1,1,5,40,75,2,0,1,0,5,4,6,8,2,1,6,4,3,0,0,,,,7.6
James Ward-Prowse,Midfielder,90,14,0,1,0,52%,0,0,0%,0,0,0,1,6,2,3,27,47,3,3,1,2,1,1,7,6,1,2,8,1,1,1,0,,,,6.4
Oriol Romeu,Midfielder,64,15,0,1,0,65%,0,0,0%,0,0,0,1,1,1,4,23,33,1,0,0,0,0,0,5,5,3,1,6,5,3,0,0,1,1,,6.6
Pierre-Emile Højbjerg,Midfielder,90,29,0,0,0,71%,3,2,33%,0,1,0,5,2,0,9,41,61,0,0,2,0,2,2,4,4,2,0,4,2,1,0,0,,,,6.6
Nathan Redmond,Midfielder,90,15,0,0,0,71%,2,0,0%,2,0,0,1,0,2,3,21,32,1,1,0,0,2,2,3,4,1,1,2,1,1,0,0,,,,7
Leander Dendoncker,Midfielder,90,22,0,0,0,76%,1,0,0%,1,0,0,1,0,0,1,29,38,4,3,0,2,0,0,8,4,1,1,7,1,0,0,0,,,,5.6
Joao Moutinho,Midfielder,90,37,1,0,0,79%,0,0,0%,0,0,0,2,4,3,4,47,65,0,1,0,1,1,1,4,7,2,1,6,3,3,2,0,,,,7.9
Ruben Neves,Midfielder,90,33,0,0,1,70%,1,0,100%,0,1,0,4,0,0,10,47,60,2,1,2,1,0,0,6,3,3,3,10,2,0,0,0,,1,,7.5
Jonny,Midfielder,90,26,0,0,0,87%,1,0,100%,0,1,0,1,0,0,2,30,56,0,1,0,2,1,1,5,3,2,5,2,1,1,0,0,,,,6.6
Douglas Luiz,Midfielder,90,14,0,0,0,67%,0,0,0%,0,0,0,1,0,0,5,21,39,2,1,2,2,0,0,7,7,1,1,8,3,1,3,0,,,,6.8
John McGinn,Midfielder,90,23,1,1,0,82%,0,0,0%,0,0,0,4,1,1,6,28,47,2,0,0,2,2,2,8,9,1,2,6,3,1,4,0,,,,7.9
Jefferson Lerma,Midfielder,90,27,0,0,0,75%,0,0,0%,0,0,0,3,0,0,8,36,48,0,0,0,1,1,1,4,2,2,3,10,0,0,1,0,,1,,6.1
Philip Billing,Midfielder,90,22,0,0,0,81%,0,0,0%,0,0,0,2,1,0,4,27,42,3,2,2,1,0,0,7,4,2,3,9,2,1,0,0,,,,6
Ryan Fraser,Midfielder,90,19,0,0,0,79%,0,0,0%,0,0,0,1,6,0,2,24,39,1,1,3,0,1,0,2,3,0,2,2,0,0,2,0,,,,6.5
Davy Pröpper,Midfielder,90,29,0,0,0,78%,2,0,50%,1,1,0,2,1,0,6,37,55,0,0,1,0,3,2,3,6,1,1,3,3,2,1,0,,,,6.9
Dale Stephens,Midfielder,78,39,0,0,0,85%,0,0,0%,0,0,0,6,1,0,8,46,54,2,0,0,0,0,0,5,2,0,1,12,2,2,0,0,1,,,5.9
Solly March,Midfielder,68,21,0,0,0,84%,2,0,50%,1,1,0,1,5,1,2,25,46,0,1,1,1,3,2,2,5,0,1,3,2,2,0,0,1,,,6.9
Jordan Henderson,Midfielder,90,43,0,0,0,83%,1,1,0%,0,0,0,6,3,0,7,52,68,0,1,3,0,0,0,3,6,2,1,4,5,3,0,0,,,,7.2
Fabinho,Midfielder,90,65,1,1,0,93%,0,0,0%,0,0,0,9,1,4,10,70,77,0,0,0,0,1,1,2,4,1,0,6,2,2,1,0,,1,,8.4
Georginio Wijnaldum,Midfielder,69,57,0,0,0,98%,2,1,0%,1,0,0,0,0,0,1,58,70,1,0,0,2,3,1,5,2,0,2,6,1,1,0,0,1,,,6.9
Paul Pogba,Midfielder,90,68,0,0,0,81%,4,1,0%,3,0,0,7,0,2,11,84,103,1,5,0,4,3,1,11,10,2,0,8,4,3,0,0,,,,6.2
Scott McTominay,Midfielder,85,49,0,0,0,84%,3,1,0%,2,0,0,4,0,1,5,58,72,2,3,0,2,0,0,6,6,1,2,7,0,0,3,0,1,,,6.9
Moritz Leitner,Midfielder,81,58,0,0,0,88%,0,0,0%,0,0,0,1,0,1,4,66,79,0,0,2,1,0,0,7,1,2,2,9,1,0,0,0,1,,,5.1
Tom Trybull,Midfielder,81,36,0,0,0,97%,0,0,0%,0,0,0,2,0,0,2,37,50,0,0,3,0,0,0,9,2,3,0,3,2,2,0,0,1,,,4.9
Marco Stiepermann,Midfielder,81,15,0,0,0,58%,0,0,0%,0,0,0,0,1,0,0,26,34,3,2,2,0,1,0,6,2,2,1,4,0,0,0,0,1,1,,5.9
George Baldock,Midfielder,90,31,1,0,0,94%,2,1,50%,0,1,0,1,8,1,1,33,72,1,0,3,0,1,0,3,5,0,0,3,3,2,2,0,,,,7.5
John Lundstram,Midfielder,90,46,0,0,0,84%,1,0,0%,1,0,0,6,2,0,7,55,65,0,0,0,0,1,1,5,1,2,1,6,0,0,0,0,,1,,6
Oliver Norwood,Midfielder,90,41,0,0,0,72%,1,1,0%,0,0,0,12,8,2,20,57,75,1,1,2,0,0,0,8,2,3,2,9,1,1,0,0,,,,6.4
Luke Freeman,Midfielder,90,25,0,0,0,69%,0,0,0%,0,0,0,0,5,0,2,36,57,1,1,0,2,3,3,4,7,1,2,7,2,2,1,0,,,,6.7
Enda Stevens,Midfielder,90,36,0,0,0,84%,0,0,0%,0,0,0,4,4,0,5,43,81,0,2,2,2,3,3,3,10,1,1,4,5,3,0,0,,,,7
Moussa Sissoko,Midfielder,90,91,0,1,0,98%,0,0,0%,0,0,0,2,5,3,2,93,111,1,2,2,1,1,1,2,3,0,0,5,0,0,0,0,,,,7.4
Harry Winks,Midfielder,90,126,0,0,0,94%,0,0,0%,0,0,0,2,1,1,4,134,146,0,1,0,1,3,3,3,8,1,0,3,3,2,1,0,,1,,7.6
Abdoulaye Doucouré,Midfielder,90,54,0,0,0,84%,3,2,33%,0,1,0,1,0,4,2,64,79,1,2,0,0,2,1,4,6,1,3,6,2,1,1,0,,,,7.6
Étienne Capoue,Midfielder,90,64,0,0,0,88%,1,0,0%,1,0,0,3,0,0,6,73,85,3,3,0,1,0,0,9,7,1,5,7,1,1,3,0,,,,5.7
Will Hughes,Midfielder,74,26,1,0,0,84%,2,1,0%,1,0,0,0,1,3,0,31,52,2,0,0,1,1,1,5,5,1,1,4,3,2,1,0,1,,,7.5
Tom Cleverley,Midfielder,86,26,0,0,0,81%,3,0,0%,3,0,0,1,3,3,3,32,49,0,1,1,0,1,1,0,5,0,0,4,2,1,1,0,1,,,7.3
Matt Doherty,Midfielder,76,26,0,0,0,74%,1,0,0%,1,0,0,0,1,0,1,35,53,3,7,2,0,0,0,4,9,1,1,3,2,2,0,0,1,,,6.9
Morgan Gibbs-White,Midfielder,67,37,0,0,0,90%,1,0,0%,1,0,0,1,2,2,2,41,51,1,3,0,0,1,1,3,5,2,1,3,0,0,1,0,1,,,7
Ruben Neves,Midfielder,90,64,0,0,0,74%,5,3,20%,1,1,0,15,2,2,22,87,96,2,1,0,0,0,0,4,2,1,0,5,1,1,0,0,,,,6.8
Jonny,Midfielder,90,43,0,0,0,88%,2,0,0%,2,0,0,1,7,0,2,49,78,2,1,1,1,1,1,6,4,1,1,7,1,0,1,0,,,,6.3
Lucas Torreira,Midfielder,63,27,0,0,0,84%,1,0,0%,1,0,0,0,2,2,0,32,46,0,0,1,0,1,1,0,8,0,1,6,3,3,4,0,1,,,7.6
Granit Xhaka,Midfielder,90,60,0,0,0,87%,1,0,100%,0,1,0,9,0,3,11,69,82,1,3,1,0,2,1,9,8,7,1,5,1,0,3,0,,1,,7.3
Matteo Guendouzi,Midfielder,90,48,1,1,0,83%,2,1,50%,0,1,0,4,0,1,7,58,74,0,0,0,0,1,1,6,6,2,2,7,3,2,2,0,,,,7.8
Aaron Lennon,Midfielder,90,11,0,0,0,65%,0,0,0%,0,0,0,2,1,0,5,17,27,3,0,1,1,1,0,6,2,1,0,3,1,1,1,0,,,,5.5
Ashley Westwood,Midfielder,90,25,0,1,0,66%,0,0,0%,0,0,0,1,3,1,6,38,51,1,0,0,1,0,0,7,3,2,1,5,2,2,1,0,,,,5.9
Jack Cork,Midfielder,90,19,0,0,0,68%,0,0,0%,0,0,0,1,0,2,2,28,41,4,0,2,1,1,1,6,5,0,0,7,2,2,2,0,,,,6.5
Dwight McNeil,Midfielder,90,14,0,0,0,58%,2,1,0%,1,0,0,1,8,1,4,24,48,0,2,1,0,5,2,4,5,0,1,7,0,0,1,0,,,,6.6
Mateo Kovacic,Midfielder,83,59,0,0,0,92%,1,0,0%,1,0,0,6,1,0,9,64,76,2,0,1,0,3,2,6,5,1,1,5,2,2,1,0,1,,,6.8
Jorginho,Midfielder,90,72,0,0,0,84%,0,0,0%,0,0,0,4,1,1,11,86,107,1,0,3,1,2,2,4,8,1,2,12,4,1,2,0,,,,7.4
Mason Mount,Midfielder,90,24,0,0,0,86%,2,1,0%,1,0,0,2,3,1,2,28,44,0,1,1,1,3,2,4,5,2,1,2,1,1,1,0,,,,7.2
James McArthur,Midfielder,90,24,0,0,0,77%,2,0,0%,2,0,0,1,1,2,3,31,51,1,1,0,1,1,1,3,8,1,1,3,4,3,2,0,,,,7.5
Luka Milivojevic,Midfielder,90,59,0,0,0,89%,2,0,100%,0,2,0,6,19,6,9,66,90,1,0,1,1,0,0,7,0,3,0,4,0,0,0,0,,1,,7.1
Cheikhou Kouyaté,Midfielder,90,19,0,0,0,68%,6,0,17%,5,1,0,1,1,1,3,28,43,0,4,0,0,0,0,4,6,3,1,2,1,1,1,0,,1,,7.2
Jeffrey Schlupp,Midfielder,84,19,0,1,0,79%,3,1,33%,0,1,0,1,2,2,2,24,50,2,0,1,1,2,0,8,10,1,0,3,4,1,6,0,1,,,7.2
André Gomes,Midfielder,90,47,0,0,0,85%,0,0,0%,0,0,0,7,1,1,10,55,69,2,2,3,0,2,1,9,7,3,0,7,4,4,0,0,,,,6.8
Fabian Delph,Midfielder,90,54,0,0,0,87%,0,0,0%,0,0,0,6,0,0,8,62,81,3,2,2,0,0,0,5,7,2,2,5,4,1,1,0,,1,,6.9
Gylfi Sigurdsson,Midfielder,90,21,1,1,0,72%,2,1,0%,1,0,0,1,10,5,1,29,52,2,0,1,1,3,0,10,2,2,0,3,1,1,1,0,,,,7.3
Alex Iwobi,Midfielder,76,16,0,1,1,76%,1,0,100%,0,1,0,1,2,1,1,21,39,0,0,0,2,2,1,4,5,0,0,8,4,3,0,0,1,,,7.9
Wilfred Ndidi,Midfielder,90,37,0,0,0,80%,0,0,0%,0,0,0,3,0,2,8,46,68,2,1,6,0,0,0,5,5,1,4,7,4,2,0,0,,,,7.5
Youri Tielemans,Midfielder,90,52,1,1,1,80%,4,2,25%,1,1,0,2,0,2,2,65,81,3,0,1,1,1,1,7,4,1,0,7,2,1,1,0,,,,8.4
James Maddison,Midfielder,86,31,0,0,0,79%,3,1,0%,2,0,0,3,3,2,4,39,61,0,1,0,1,4,1,11,9,3,0,8,3,2,4,0,1,,,6.9
Kevin De Bruyne,Midfielder,69,30,1,1,1,88%,4,0,25%,3,1,0,4,6,2,4,34,52,1,0,0,1,1,0,3,3,0,1,6,2,1,1,0,1,,,8.6
Rodri,Midfielder,90,66,0,1,0,96%,0,0,0%,0,0,0,5,0,2,5,69,82,0,0,1,1,0,0,2,6,0,1,9,6,3,0,0,,,,7.6
David Silva,Midfielder,78,54,2,1,0,92%,1,0,0%,1,0,0,2,2,3,3,59,70,0,0,0,1,1,1,6,3,2,1,3,1,1,1,0,1,,,8.6
Miguel Almiron,Midfielder,90,26,0,0,0,79%,1,1,0%,0,0,0,0,2,1,1,33,51,1,1,1,2,2,2,3,8,0,0,4,2,0,3,0,,,,6.8
Isaac Hayden,Midfielder,90,43,1,1,0,88%,2,1,50%,0,1,0,1,1,1,4,49,61,1,2,1,1,2,1,5,4,1,1,7,1,0,0,0,,1,,7.3
Sean Longstaff,Midfielder,90,55,0,1,0,81%,2,0,50%,1,1,0,5,4,3,9,68,86,2,2,2,1,1,1,5,7,1,1,6,2,1,2,0,,,,7.5
Pierre-Emile Højbjerg,Midfielder,90,44,0,0,0,77%,2,0,0%,2,0,0,4,0,1,7,57,84,1,3,4,3,0,0,8,7,1,6,11,2,2,2,0,,,,7
Oriol Romeu,Midfielder,90,35,0,0,0,78%,1,1,0%,0,0,0,3,0,1,8,45,58,2,0,1,0,0,0,6,7,2,2,11,7,6,0,0,,,,7.3
James Ward-Prowse,Midfielder,90,24,0,0,0,77%,0,0,0%,0,0,0,3,4,1,5,31,39,1,0,1,0,0,0,2,1,2,0,3,0,0,1,0,,,,6.3
Sofiane Boufal,Midfielder,71,12,0,1,0,71%,3,2,0%,1,0,0,1,3,1,2,17,45,1,1,0,3,5,2,10,6,3,0,5,3,1,0,0,1,,,5.9
Mark Noble,Midfielder,85,46,0,0,0,84%,0,0,0%,0,0,0,5,1,1,6,55,70,0,1,0,2,3,2,8,10,3,0,4,5,5,2,0,1,,,7.6
Declan Rice,Midfielder,90,29,0,0,0,88%,1,0,0%,1,0,0,1,0,0,1,33,47,0,1,2,1,1,1,5,7,3,3,7,5,3,0,0,,,,7.5
Manuel Lanzini,Midfielder,90,46,0,0,0,88%,4,1,25%,2,1,0,0,5,4,0,52,76,0,0,0,2,6,5,6,6,0,2,5,0,0,1,0,,,,7.8
John McGinn,Midfielder,90,26,0,0,0,74%,3,0,67%,1,2,0,2,1,1,2,35,51,2,0,0,1,2,0,10,4,3,0,8,3,3,1,0,,,,6.2
Marvelous Nakamba,Midfielder,81,34,0,0,0,79%,0,0,0%,0,0,0,0,0,0,2,43,59,0,1,1,0,3,3,3,10,1,1,6,5,2,1,0,1,,,7.3
Lewis Cook,Midfielder,77,26,0,0,0,76%,0,0,0%,0,0,0,3,0,0,6,34,43,0,0,1,0,2,0,5,2,1,2,7,1,0,1,0,1,,,6.4
Philip Billing,Midfielder,90,23,0,0,0,68%,3,1,0%,2,0,0,1,0,1,3,34,56,2,4,6,1,0,0,5,6,0,3,7,2,0,0,0,,,,7.2
Solly March,Midfielder,89,35,1,1,0,76%,1,0,100%,0,1,0,3,3,3,6,46,73,3,0,2,0,3,1,7,3,2,2,4,2,2,0,0,1,,,7.8
Davy Pröpper,Midfielder,90,37,0,0,0,80%,3,1,0%,2,0,0,3,1,1,3,46,62,2,1,0,1,2,2,5,9,2,0,7,6,4,0,0,,,,7.2
Dale Stephens,Midfielder,90,57,0,0,0,86%,1,1,0%,0,0,0,3,0,0,6,66,79,0,1,2,0,0,0,1,5,1,2,8,4,3,0,0,,,,7.2
Pascal Gross,Midfielder,90,42,0,0,0,78%,2,0,0%,2,0,0,1,5,6,1,54,72,3,1,0,1,1,0,6,3,0,0,11,2,1,0,0,,,,7.1
Alex Oxlade-Chamberlain,Midfielder,75,53,0,0,0,95%,2,1,0%,1,0,0,5,3,1,5,56,70,1,0,0,0,3,2,5,3,1,0,5,1,1,0,0,1,,,7.2
Fabinho,Midfielder,90,78,0,0,0,92%,0,0,0%,0,0,0,5,0,1,6,85,90,4,0,0,0,0,0,8,0,0,1,10,0,0,0,0,,,,6.4
Georginio Wijnaldum,Midfielder,84,75,0,0,0,95%,2,0,50%,1,1,0,2,0,0,3,79,94,1,2,1,1,0,0,2,4,0,0,8,2,2,0,0,1,,,7.4
Scott McTominay,Midfielder,90,31,0,0,0,79%,0,0,0%,0,0,0,6,0,0,6,39,60,0,3,3,1,6,4,7,12,4,2,7,2,2,3,0,,,,7.5
Nemanja Matic,Midfielder,67,28,0,0,0,68%,0,0,0%,0,0,0,0,0,0,3,41,50,0,2,2,1,0,0,6,6,1,0,7,4,2,0,0,1,,,6.8
Andreas Pereira,Midfielder,90,23,0,0,0,82%,3,0,67%,1,2,0,0,0,1,0,28,56,2,0,1,3,4,1,13,8,4,1,3,4,0,3,0,,,,6.4
Juan Mata,Midfielder,70,25,0,0,0,76%,1,0,100%,0,1,0,0,0,1,0,33,44,2,0,0,2,2,1,7,2,0,0,3,1,1,0,0,1,,,6.2
Kenny McLean,Midfielder,90,36,0,0,1,88%,1,0,100%,0,1,0,2,0,0,6,41,61,0,3,7,0,0,0,0,6,0,3,5,2,2,1,0,,1,,8.1
Alexander Tettey,Midfielder,90,15,0,0,0,83%,0,0,0%,0,0,0,0,1,0,1,18,27,0,0,0,0,2,2,2,2,0,2,3,0,0,0,0,,,,6.4
Marco Stiepermann,Midfielder,89,23,0,1,0,74%,0,0,0%,0,0,0,1,0,1,5,31,44,7,1,1,0,3,0,15,3,2,2,4,1,0,1,0,1,,,5.7
George Baldock,Midfielder,90,22,0,0,0,65%,0,0,0%,0,0,0,1,2,2,5,34,71,0,2,3,4,1,0,7,9,2,2,5,5,3,2,0,,,,6.7
John Lundstram,Midfielder,72,33,0,0,0,80%,0,0,0%,0,0,0,1,3,1,2,41,53,1,2,0,1,1,1,6,5,0,0,9,2,0,0,0,1,,,6
Oliver Norwood,Midfielder,90,55,0,1,0,83%,0,0,0%,0,0,0,9,8,4,15,66,87,0,1,3,0,0,0,8,7,0,2,9,4,2,2,0,,,,7.1
John Fleck,Midfielder,90,34,0,0,0,83%,5,2,20%,2,1,0,4,9,3,6,41,64,1,1,1,0,4,3,2,5,0,0,3,1,1,0,0,,1,,7.2
Enda Stevens,Midfielder,90,31,0,0,0,74%,1,1,0%,0,0,0,1,4,2,3,42,65,0,1,1,1,2,2,3,3,0,0,5,0,0,0,0,,,,6.6
Moussa Sissoko,Midfielder,90,75,0,0,0,95%,0,0,0%,0,0,0,1,2,0,1,79,87,0,1,0,0,1,0,6,3,4,0,9,0,0,2,0,,,,6.4
Harry Winks,Midfielder,67,54,0,0,0,93%,4,0,25%,3,1,0,2,2,0,2,58,70,0,2,1,0,0,0,1,3,1,3,3,0,0,1,0,1,1,,7.5
Christian Eriksen,Midfielder,90,43,0,0,0,84%,1,0,0%,1,0,0,2,3,2,2,51,67,0,0,0,0,1,0,3,3,1,0,5,3,1,0,0,,1,,7.2
Abdoulaye Doucouré,Midfielder,90,78,0,0,0,94%,5,1,20%,3,1,0,4,0,3,5,83,98,0,1,0,0,2,2,2,6,0,1,9,3,1,0,0,,,,7.7
Étienne Capoue,Midfielder,90,60,0,0,0,94%,0,0,0%,0,0,0,5,0,1,5,64,83,0,0,2,1,2,2,6,8,3,4,9,5,3,1,0,,1,,7.5
Will Hughes,Midfielder,63,25,0,0,0,96%,2,0,0%,2,0,0,0,1,1,0,26,35,1,0,0,0,1,1,1,3,0,0,4,0,0,2,0,1,,,6.8
Tom Cleverley,Midfielder,90,45,0,1,1,90%,7,1,43%,1,3,0,0,2,3,0,50,67,1,2,0,0,2,2,5,5,4,0,5,1,1,0,0,,,,8.4
Ruben Neves,Midfielder,90,46,0,0,0,79%,2,1,0%,1,0,0,4,0,0,8,58,69,1,0,2,0,1,1,6,3,0,2,8,2,0,0,0,,,,6.4
Joao Moutinho,Midfielder,90,48,0,0,0,86%,0,0,0%,0,0,0,3,10,4,4,56,82,1,1,0,3,2,2,6,9,2,3,11,6,5,0,0,,,,7.8
Jonny,Midfielder,90,23,0,0,0,82%,1,0,100%,0,1,0,0,2,0,2,28,59,3,0,0,1,1,1,6,4,1,1,3,3,2,0,0,,,,6.4
Matteo Guendouzi,Midfielder,90,72,0,0,0,88%,1,0,0%,1,0,0,9,0,3,10,82,96,1,0,0,1,2,1,6,4,1,1,11,0,0,3,0,,1,,7.6
Granit Xhaka,Midfielder,72,52,0,0,0,93%,0,0,0%,0,0,0,6,0,1,8,56,64,0,0,1,2,0,0,6,3,2,0,4,1,0,2,0,1,1,,5.9
Daniel Ceballos,Midfielder,72,43,0,0,0,100%,1,0,0%,1,0,0,3,6,1,3,43,68,0,1,1,3,1,1,8,6,0,0,3,2,1,2,0,1,,,6.7
Jeff Hendrick,Midfielder,89,27,0,0,0,79%,2,1,50%,0,1,0,3,1,0,4,34,58,1,0,1,7,3,1,12,2,0,1,11,0,0,1,0,1,,,5.3
Jack Cork,Midfielder,90,32,0,0,0,84%,1,0,100%,0,1,0,2,0,2,3,38,57,2,1,2,2,1,1,6,5,2,2,7,2,2,1,0,,,,7.4
Ashley Westwood,Midfielder,90,39,1,1,0,72%,1,1,0%,0,0,0,1,7,3,7,54,71,0,1,0,0,0,0,5,4,3,0,7,3,2,0,0,,,,7.9
Dwight McNeil,Midfielder,79,24,1,2,0,83%,0,0,0%,0,0,0,2,7,2,3,29,47,2,0,0,3,2,2,7,4,1,0,6,1,1,1,0,1,,,7.5
N'Golo Kanté,Midfielder,90,31,0,0,1,82%,2,0,50%,1,1,0,0,0,0,0,38,58,3,2,1,3,3,2,7,7,1,2,11,2,0,1,0,,,,7.3
Jorginho,Midfielder,90,61,0,0,0,84%,1,0,0%,1,0,0,12,0,1,15,73,87,0,1,1,1,0,0,3,2,0,2,8,1,1,0,0,,,,6.4
Mateo Kovacic,Midfielder,90,46,0,0,0,85%,1,1,0%,0,0,0,4,0,0,6,54,69,1,0,0,0,1,1,2,4,0,2,4,1,0,2,0,,1,,6.6
Mason Mount,Midfielder,90,18,0,0,0,82%,1,0,0%,1,0,0,1,5,1,2,22,43,2,0,0,1,1,0,6,2,2,0,6,2,0,0,0,,,,5.9
James McArthur,Midfielder,83,38,0,0,0,95%,0,0,0%,0,0,0,3,0,2,3,40,51,1,0,0,1,1,1,4,5,3,0,5,4,2,0,0,1,1,,6.8
Luka Milivojevic,Midfielder,90,54,0,0,0,78%,2,1,0%,1,0,0,3,7,1,7,69,89,1,1,1,0,1,1,3,4,0,3,9,2,0,0,0,,,,7
Cheikhou Kouyaté,Midfielder,90,24,0,0,0,80%,2,1,0%,1,0,0,0,0,0,0,30,47,2,5,2,0,2,1,4,11,0,3,4,4,0,1,0,,,,7.2
Jeffrey Schlupp,Midfielder,90,17,0,0,0,71%,2,1,50%,0,1,0,2,0,1,5,24,49,1,1,1,3,4,4,6,6,0,1,5,1,1,0,0,,,,6.7
Fabian Delph,Midfielder,90,66,0,0,0,92%,0,0,0%,0,0,0,8,1,1,11,72,87,0,0,1,1,1,1,2,4,1,0,3,3,1,0,0,,,,6.5
Gylfi Sigurdsson,Midfielder,90,35,0,0,0,97%,2,1,0%,1,0,0,1,9,4,1,36,62,1,0,0,0,0,0,3,3,0,0,5,2,2,1,0,,,,6.9
Wilfred Ndidi,Midfielder,90,32,0,0,0,89%,1,0,0%,1,0,0,2,1,0,3,36,58,2,2,1,2,0,0,8,7,3,3,12,4,2,1,0,,,,6.8
Youri Tielemans,Midfielder,84,23,0,0,0,62%,2,0,50%,1,1,0,4,1,2,9,37,46,0,0,0,0,0,0,1,1,0,0,6,0,0,1,0,1,,,6.9
James Maddison,Midfielder,90,28,0,0,1,80%,4,1,50%,1,2,0,3,7,2,4,35,57,1,0,0,1,4,4,5,8,3,0,5,1,0,3,0,,,,8.2
Kevin De Bruyne,Midfielder,90,58,2,3,1,87%,4,0,25%,3,1,0,4,6,8,6,67,89,1,0,1,1,4,4,4,5,0,0,2,0,0,1,0,,,,9.5
Rodri,Midfielder,90,85,0,0,0,91%,2,0,50%,1,1,0,5,0,1,6,93,103,1,6,1,0,1,1,3,11,2,0,10,2,2,2,0,,,,7.9
David Silva,Midfielder,90,80,0,1,1,91%,4,1,25%,1,1,0,3,1,1,3,88,103,1,0,0,1,3,3,4,6,0,0,6,1,0,2,0,,,,8.3
Miguel Almiron,Midfielder,73,3,0,0,0,30%,2,0,100%,0,2,0,0,0,0,1,10,24,1,0,0,1,3,1,5,6,0,1,3,3,3,2,0,1,,,6.8
Isaac Hayden,Midfielder,90,20,0,1,0,80%,0,0,0%,0,0,0,0,1,1,0,25,36,0,1,0,2,0,0,5,4,1,2,4,3,1,0,0,,,,6.3
Jonjo Shelvey,Midfielder,73,20,0,1,0,71%,1,0,100%,0,1,0,1,5,4,2,28,42,0,1,1,0,1,1,1,3,0,1,5,0,0,1,0,1,,,7.4
James Ward-Prowse,Midfielder,90,38,0,1,1,88%,7,0,14%,6,1,0,1,5,3,2,43,61,2,0,0,0,0,0,2,1,0,1,5,1,1,0,0,,,,7.8
Oriol Romeu,Midfielder,90,54,0,0,0,78%,0,0,0%,0,0,0,4,0,3,10,69,89,0,4,0,0,1,1,6,18,2,2,11,10,8,3,0,,1,,8.2
Pierre-Emile Højbjerg,Midfielder,90,76,0,0,0,87%,3,1,33%,1,1,0,7,2,0,9,87,110,2,0,2,1,0,0,6,5,1,0,13,5,2,0,0,,,,6.5
Sofiane Boufal,Midfielder,90,29,0,0,0,83%,5,2,60%,0,3,0,1,3,1,1,35,65,0,1,0,0,4,2,4,7,2,1,3,2,2,2,0,,,,7.2
Nathan Redmond,Midfielder,88,29,0,0,0,71%,3,1,33%,1,1,0,1,1,3,4,41,61,0,2,0,2,2,1,7,6,2,0,6,3,1,0,0,1,,,6.7
Declan Rice,Midfielder,90,34,0,0,0,97%,0,0,0%,0,0,0,5,0,0,6,35,42,0,1,0,0,1,1,1,4,0,0,5,1,0,1,0,,,,6.9
Mark Noble,Midfielder,90,37,0,0,0,84%,1,0,100%,0,1,0,3,0,1,6,44,51,0,1,0,0,0,0,5,4,3,1,6,0,0,3,0,,1,,6.9
Pablo Fornals,Midfielder,90,34,0,0,0,85%,0,0,0%,0,0,0,2,3,1,2,40,57,1,0,0,1,1,1,4,3,0,0,4,1,1,1,0,,,,6.9
John McGinn,Midfielder,90,26,0,0,1,74%,4,1,25%,2,1,0,3,2,2,4,35,62,2,0,0,2,5,4,6,10,0,0,4,2,1,4,0,,,,8
Marvelous Nakamba,Midfielder,90,47,0,0,0,89%,0,0,0%,0,0,0,5,0,3,6,53,62,1,1,1,0,0,0,2,4,0,2,5,3,2,0,0,,,,7.5
Conor Hourihane,Midfielder,90,34,0,0,0,92%,4,2,0%,1,0,0,2,6,1,2,37,52,0,1,0,0,0,0,1,1,0,0,0,0,0,1,0,,,,7
Harry Wilson,Midfielder,77,19,0,1,0,68%,0,0,0%,0,0,0,4,1,1,5,28,41,1,0,0,2,2,0,6,4,0,1,4,3,1,1,0,1,,,6.2
Jefferson Lerma,Midfielder,90,39,0,0,0,78%,0,0,0%,0,0,0,3,1,1,7,50,69,3,3,1,0,1,1,3,8,0,3,12,1,1,3,0,,1,,7.4
Philip Billing,Midfielder,89,39,0,0,0,81%,1,1,0%,0,0,0,2,2,0,3,48,70,3,6,1,1,0,0,5,9,0,1,1,1,0,2,0,1,,,6.5
Ross Barkley,Midfielder,68,42,0,0,0,95%,4,1,25%,0,1,0,3,0,2,3,44,65,0,0,0,6,4,0,12,3,0,1,7,2,1,1,0,1,,,5.8
Jorginho,Midfielder,90,62,0,1,1,90%,2,0,50%,1,1,0,2,0,3,3,69,86,0,0,2,1,0,0,2,5,0,4,10,2,2,3,0,,,,8.6
Mason Mount,Midfielder,90,27,0,1,0,82%,0,0,0%,0,0,0,0,4,3,0,33,52,3,0,1,3,2,1,9,3,1,0,0,1,0,1,0,,,,6.9
James McArthur,Midfielder,79,35,0,0,0,81%,2,1,0%,1,0,0,4,3,2,6,43,66,2,1,1,0,0,0,4,4,2,1,6,1,0,2,0,1,,,7.4
Luka Milivojevic,Midfielder,90,39,0,1,1,87%,1,0,100%,0,1,0,2,5,1,3,45,66,1,1,1,0,0,0,4,9,2,1,7,6,4,2,0,,1,,8.3
Cheikhou Kouyaté,Midfielder,70,23,0,0,0,85%,1,0,0%,1,0,0,0,0,0,0,27,39,1,2,0,0,1,0,5,7,3,1,5,2,1,3,0,1,,,6.8
Jeffrey Schlupp,Midfielder,90,26,0,0,0,79%,1,1,0%,0,0,0,1,1,0,3,33,47,0,1,0,1,4,3,5,5,2,0,7,1,1,0,0,,1,,6.7
Morgan Schneiderlin,Midfielder,81,28,0,0,0,85%,0,0,0%,0,0,0,4,0,0,5,33,40,0,1,1,1,0,0,2,2,1,2,3,1,0,0,0,1,1,,5.8
Fabian Delph,Midfielder,90,42,0,0,0,91%,0,0,0%,0,0,0,4,1,0,5,46,56,0,2,1,0,2,2,1,5,0,2,6,1,0,0,0,,,,6.1
Gylfi Sigurdsson,Midfielder,90,20,0,1,0,80%,2,1,50%,0,1,0,1,7,5,3,25,47,0,1,0,2,3,2,4,6,0,1,3,3,1,0,0,,,,7.3
Wilfred Ndidi,Midfielder,90,55,0,0,1,90%,1,0,100%,0,1,0,4,0,1,4,61,84,1,1,0,1,0,0,5,12,2,5,12,9,3,2,0,,,,8.7
Dennis Praet,Midfielder,79,58,0,0,0,89%,1,1,0%,0,0,0,3,1,0,3,65,79,0,0,0,2,2,0,7,3,1,0,5,1,0,2,0,1,,,6.2
Youri Tielemans,Midfielder,90,63,0,0,0,91%,4,1,0%,2,0,0,3,11,1,3,69,92,1,0,0,1,1,1,3,5,1,0,5,4,3,0,0,,,,7.5
Scott McTominay,Midfielder,90,28,0,0,1,78%,3,1,33%,1,1,0,2,0,1,3,36,62,1,1,1,1,5,2,6,12,1,2,6,4,0,5,0,,,,8.1
Paul Pogba,Midfielder,90,50,0,0,0,81%,2,1,0%,1,0,0,5,1,2,8,62,77,0,1,1,3,2,2,5,7,1,0,9,3,1,1,0,,,,7
Andreas Pereira,Midfielder,74,13,0,0,0,68%,4,1,25%,1,1,0,1,3,2,1,19,35,0,0,0,1,1,1,4,1,3,0,5,0,0,0,0,1,1,,6.2
Jesse Lingard,Midfielder,74,19,0,0,0,95%,0,0,0%,0,0,0,0,0,1,0,20,24,0,0,0,1,0,0,5,0,3,1,2,0,0,0,0,1,1,,5.7
George Baldock,Midfielder,90,9,0,0,0,56%,0,0,0%,0,0,0,0,3,1,4,16,37,1,1,2,0,2,2,4,4,2,0,4,1,1,0,0,,,,6.6
John Lundstram,Midfielder,90,24,0,0,0,80%,2,2,0%,0,0,0,5,2,1,6,30,46,3,1,1,0,0,0,5,2,1,3,8,1,1,0,0,,,,6
Oliver Norwood,Midfielder,77,19,0,0,0,70%,1,0,100%,0,1,0,4,3,1,7,27,43,3,1,3,0,0,0,4,4,0,1,4,2,0,1,0,1,,,6.2
John Fleck,Midfielder,90,20,0,1,0,65%,1,1,0%,0,0,0,1,4,2,1,31,47,0,0,1,0,3,2,2,3,0,1,4,1,1,0,0,,,,6.9
Enda Stevens,Midfielder,90,35,0,0,0,85%,0,0,0%,0,0,0,1,4,4,3,41,72,0,1,3,0,3,2,4,4,2,2,5,1,1,0,0,,,,7.2
Harry Winks,Midfielder,89,39,0,0,0,91%,1,1,0%,0,0,0,1,0,0,2,43,53,0,0,0,0,1,1,2,6,0,2,3,4,3,1,0,1,,,7.4
Moussa Sissoko,Midfielder,90,29,0,0,0,83%,0,0,0%,0,0,0,1,0,0,1,35,61,1,0,5,0,2,0,5,3,2,0,7,2,1,1,0,,,,6.6
Tanguy Ndombélé,Midfielder,78,23,0,0,1,82%,2,1,50%,0,1,0,2,0,1,3,28,50,0,2,0,0,5,1,4,13,0,1,5,4,2,6,0,1,,,8.3
Christian Eriksen,Midfielder,90,26,1,2,0,81%,1,0,0%,1,0,0,3,5,3,3,32,50,1,1,2,2,0,0,4,4,0,2,4,1,0,2,0,,,,7.8
Matt Doherty,Midfielder,90,30,0,1,1,70%,1,0,100%,0,1,0,1,2,1,3,43,63,1,1,0,0,0,0,1,4,0,4,3,2,0,1,0,,,,8.4
Leander Dendoncker,Midfielder,90,32,0,0,0,84%,0,0,0%,0,0,0,1,0,0,2,38,59,5,2,3,2,0,0,10,9,1,1,5,6,2,1,0,,,,6.8
Joao Moutinho,Midfielder,90,50,0,0,0,83%,0,0,0%,0,0,0,6,1,0,8,60,68,1,0,0,0,1,0,5,1,1,3,11,1,1,0,0,,,,6.7
Jonny,Midfielder,90,30,0,0,0,83%,1,0,0%,1,0,0,0,1,0,0,36,56,0,1,0,0,3,2,2,5,0,1,6,2,0,0,0,,,,7.2
Daniel Ceballos,Midfielder,75,37,0,0,0,86%,0,0,0%,0,0,0,6,7,3,8,43,58,1,0,0,1,2,2,7,4,1,0,11,0,0,2,0,1,,,6.9
Granit Xhaka,Midfielder,90,52,0,0,0,85%,0,0,0%,0,0,0,2,0,0,5,61,70,3,3,5,0,0,0,6,5,3,0,8,2,1,0,0,,,,6.9
Matteo Guendouzi,Midfielder,90,42,0,0,0,81%,1,1,0%,0,0,0,3,1,1,3,52,69,0,0,3,0,3,3,0,5,0,0,4,2,2,0,0,,,,7.6
Pascal Gross,Midfielder,90,45,0,0,0,83%,3,1,33%,1,1,0,5,6,3,7,54,68,2,0,0,2,0,0,4,1,0,0,7,1,1,0,0,,,,7.5
Steven Alzate,Midfielder,88,35,0,0,0,90%,0,0,0%,0,0,0,1,0,0,1,39,60,2,0,0,3,1,0,6,7,0,1,6,5,4,2,0,1,,,7
Dale Stephens,Midfielder,89,57,0,0,0,90%,2,1,0%,1,0,0,4,0,0,5,63,74,0,1,0,1,0,0,7,2,2,5,10,1,0,0,0,1,1,,6.7
Aaron Mooy,Midfielder,90,42,0,0,0,72%,1,0,0%,1,0,0,3,5,1,6,58,86,1,2,0,1,3,3,5,11,1,3,7,5,3,1,0,,,,7.9
Johann Berg Gudmundsson,Midfielder,84,12,0,0,0,67%,3,1,33%,1,1,0,1,5,0,2,18,33,2,1,0,0,0,0,2,2,0,1,4,1,0,0,0,1,,,6.6
Jeff Hendrick,Midfielder,90,27,0,0,1,77%,1,0,100%,0,1,0,2,0,1,3,35,41,1,4,0,0,0,0,3,5,1,1,7,1,1,0,0,,1,,7.9
Ashley Westwood,Midfielder,90,46,1,0,0,75%,0,0,0%,0,0,0,2,3,2,10,61,73,1,0,1,0,0,0,3,2,2,2,14,1,1,1,0,,1,,7.8
Dwight McNeil,Midfielder,90,25,0,0,0,81%,0,0,0%,0,0,0,1,5,0,3,31,56,2,1,3,2,4,2,7,6,0,2,10,1,0,2,0,,,,6.8
Georginio Wijnaldum,Midfielder,78,23,0,0,0,85%,1,0,100%,0,1,0,2,0,0,2,27,42,4,0,0,0,3,1,6,3,1,0,5,1,0,1,0,1,,,6.5
Fabinho,Midfielder,90,55,0,0,0,83%,0,0,0%,0,0,0,5,0,0,8,66,83,1,1,3,0,3,2,6,6,2,2,8,3,0,0,0,,1,,7.2
James Milner,Midfielder,90,48,1,1,1,87%,3,0,33%,2,1,0,8,0,2,10,55,71,0,0,1,2,0,0,7,3,0,1,7,2,0,1,0,,,,8.2
Ilkay Gündogan,Midfielder,90,65,0,0,0,97%,1,0,0%,1,0,0,3,7,2,3,67,80,0,0,0,1,0,0,4,0,1,1,6,0,0,0,0,,1,,5.9
Rodri,Midfielder,90,82,0,1,0,90%,0,0,0%,0,0,0,8,0,5,11,91,109,2,1,0,2,1,1,6,6,1,1,14,1,1,3,0,,1,,7
David Silva,Midfielder,75,37,0,0,0,86%,2,0,0%,2,0,0,1,5,1,2,43,60,0,0,0,1,1,0,6,4,3,0,1,3,0,1,0,1,,,6.5
Miguel Almiron,Midfielder,89,12,0,0,0,75%,3,1,0%,1,0,0,0,0,0,0,16,24,0,0,0,0,0,0,2,2,2,0,7,0,0,2,0,1,1,,6.4
Sean Longstaff,Midfielder,90,29,0,1,0,91%,1,0,100%,0,1,0,1,4,4,3,32,50,0,0,0,1,1,1,2,5,1,2,5,2,1,2,0,,,,7.6
Matthew Longstaff,Midfielder,90,31,0,0,1,74%,2,0,50%,1,1,0,5,1,1,7,42,51,1,1,0,0,0,0,2,2,1,2,4,1,0,0,0,,,,8.1
Allan Saint-Maximin,Midfielder,83,10,0,0,0,59%,2,1,0%,1,0,0,0,1,2,2,17,31,0,1,0,0,7,4,3,5,0,0,6,0,0,1,0,1,,,7.2
Moritz Leitner,Midfielder,90,66,0,0,0,86%,2,1,0%,1,0,0,3,2,0,5,77,105,1,1,0,1,2,1,5,10,2,1,7,4,3,4,0,,,,4.9
Kenny McLean,Midfielder,90,52,0,0,0,84%,1,0,0%,1,0,0,6,0,1,7,62,75,2,3,1,0,1,1,4,8,2,2,4,2,1,2,0,,,,5.2
Marco Stiepermann,Midfielder,76,10,0,0,0,67%,4,2,25%,1,1,0,0,1,1,0,15,33,4,1,1,2,4,3,8,6,1,0,4,2,2,0,0,1,,,6.3
James Ward-Prowse,Midfielder,90,18,0,0,0,72%,1,0,0%,1,0,0,0,3,2,1,25,43,0,2,0,0,2,1,1,5,0,0,2,2,1,0,0,,,,6.7
Oriol Romeu,Midfielder,90,42,0,0,0,75%,1,1,0%,0,0,0,0,0,0,5,56,72,2,0,0,0,2,1,4,6,2,1,12,5,1,0,0,,,,6.5
Pierre-Emile Højbjerg,Midfielder,90,57,0,0,0,92%,1,0,0%,1,0,0,5,0,2,6,62,75,0,0,0,2,0,0,7,3,3,1,11,1,0,2,0,,,,5.9
Nathan Redmond,Midfielder,81,8,0,0,0,57%,2,0,0%,2,0,0,0,2,0,4,14,30,4,0,0,1,4,2,7,5,0,1,5,1,1,2,0,1,,,6.3
Daryl Janmaat,Midfielder,90,31,0,0,0,72%,0,0,0%,0,0,0,0,4,2,2,43,64,0,0,3,0,0,0,1,4,1,0,6,4,3,0,0,,,,7.4
Tom Cleverley,Midfielder,90,32,0,0,0,84%,0,0,0%,0,0,0,3,5,2,6,38,49,0,0,0,1,0,0,5,1,1,0,3,1,0,0,0,,,,6.1
Abdoulaye Doucouré,Midfielder,90,43,0,0,0,74%,2,1,0%,1,0,0,1,2,0,3,58,74,2,0,2,1,2,1,7,2,1,0,6,1,0,0,0,,,,6
Declan Rice,Midfielder,90,58,0,0,0,92%,0,0,0%,0,0,0,3,0,0,5,63,70,3,2,0,0,0,0,6,5,1,1,10,3,1,0,0,,,,6
Mark Noble,Midfielder,90,52,0,0,0,88%,1,0,0%,1,0,0,5,0,1,6,59,67,1,1,0,1,0,0,2,3,0,0,4,1,1,1,0,,,,6.4
Manuel Lanzini,Midfielder,68,33,0,0,0,94%,1,0,0%,1,0,0,0,2,0,0,35,43,1,0,0,0,1,0,5,2,1,0,4,1,0,1,0,1,,,5.8
John McGinn,Midfielder,90,26,0,0,0,81%,6,1,17%,2,1,0,4,8,3,5,32,69,2,0,0,2,9,6,7,8,0,2,6,0,0,2,0,,,,7.7
Marvelous Nakamba,Midfielder,90,31,0,0,0,97%,0,0,0%,0,0,0,0,0,1,0,32,49,2,0,1,0,1,0,8,5,1,1,1,2,0,3,0,,,,6.6
Conor Hourihane,Midfielder,63,22,0,0,0,73%,3,0,100%,0,3,0,0,6,2,2,30,41,2,0,1,0,0,0,3,1,1,0,2,0,0,1,0,1,1,,6.9
Harry Wilson,Midfielder,69,24,0,0,0,86%,1,1,0%,0,0,0,2,1,0,3,28,45,0,0,1,0,0,0,2,7,1,0,5,4,2,3,0,1,,,6.8
Lewis Cook,Midfielder,90,39,0,0,0,83%,0,0,0%,0,0,0,6,0,0,7,47,63,2,0,0,3,1,1,6,3,1,3,8,1,0,1,0,,,,6.2
Philip Billing,Midfielder,90,39,0,0,0,78%,2,1,0%,1,0,0,5,0,0,7,50,69,6,6,2,0,4,3,10,11,1,3,8,2,0,0,0,,,,7.1
Ryan Fraser,Midfielder,90,22,0,0,0,92%,0,0,0%,0,0,0,1,18,0,1,24,51,0,1,1,0,1,1,0,6,0,0,2,2,2,2,0,,,,7
Jorginho,Midfielder,90,96,0,0,0,93%,0,0,0%,0,0,0,5,1,1,6,103,115,2,2,2,0,2,1,3,8,0,0,10,5,3,0,0,,,,7.9
Mason Mount,Midfielder,64,15,0,0,0,88%,1,0,100%,0,1,0,1,7,1,2,17,34,1,1,0,2,1,0,7,2,0,0,2,0,0,1,0,1,,,6
Cheikhou Kouyaté,Midfielder,90,12,0,0,0,80%,1,0,0%,1,0,0,0,0,1,1,15,29,4,1,2,1,1,1,10,5,1,0,3,2,2,1,0,,,,5.9
Luka Milivojevic,Midfielder,76,17,0,0,0,89%,1,1,0%,0,0,0,1,2,0,1,19,36,1,0,1,0,0,0,6,1,2,8,2,0,0,1,0,1,1,,6.1
James McArthur,Midfielder,90,28,0,0,0,82%,0,0,0%,0,0,0,5,1,2,7,34,52,1,2,1,1,3,2,5,6,1,3,7,1,0,1,0,,,,6.9
André Gomes,Midfielder,90,37,0,0,0,80%,0,0,0%,0,0,0,6,1,1,8,46,62,0,1,0,2,4,3,15,6,8,2,15,1,1,1,0,,1,,6.3
Tom Davies,Midfielder,90,34,0,0,0,85%,1,0,100%,0,1,0,2,1,0,4,40,53,1,2,1,0,0,0,3,3,2,2,13,0,0,1,0,,1,,7.1
Theo Walcott,Midfielder,86,15,1,1,0,63%,7,3,14%,3,1,0,0,1,2,1,24,44,2,1,0,0,1,0,4,7,0,1,4,3,2,3,0,1,,,8.4
Alex Iwobi,Midfielder,87,26,0,0,0,76%,2,0,100%,0,2,0,3,0,2,4,34,50,0,0,0,1,4,1,5,2,0,0,3,1,1,0,0,1,,,7
Bernard,Midfielder,90,22,0,1,1,71%,1,0,100%,0,1,0,1,4,1,3,31,59,0,0,0,0,6,2,5,7,0,0,8,4,2,1,0,,,,8.3
Wilfred Ndidi,Midfielder,90,31,0,0,0,76%,0,0,0%,0,0,0,0,0,0,2,41,59,4,6,2,0,1,0,6,10,1,5,8,3,1,1,0,,,,7.4
Youri Tielemans,Midfielder,90,34,0,0,1,76%,3,0,67%,1,2,0,0,2,3,2,45,64,1,0,0,1,4,2,5,7,0,0,3,3,1,2,0,,,,8.3
James Maddison,Midfielder,73,60,0,0,0,86%,5,3,0%,2,0,0,1,10,2,1,70,94,0,1,0,1,3,0,5,3,0,0,3,2,2,0,0,1,,,6.9
Scott McTominay,Midfielder,90,23,0,0,0,64%,1,0,100%,0,1,0,2,0,0,5,36,48,2,2,3,1,1,0,5,3,1,2,9,1,0,0,0,,,,6.2
Fred,Midfielder,90,21,0,0,0,91%,2,0,0%,2,0,0,0,0,0,1,23,40,4,0,1,1,0,0,9,5,1,1,4,2,1,3,0,,,,5.9
Andreas Pereira,Midfielder,89,17,0,0,0,63%,2,1,0%,1,0,0,3,4,3,3,27,58,4,1,0,6,4,2,13,5,2,3,11,2,0,0,0,1,,,5.8
George Baldock,Midfielder,90,15,0,0,0,88%,1,0,0%,1,0,0,0,2,0,2,17,34,0,0,2,0,0,0,2,4,0,3,3,4,3,0,0,,,,7.3
John Lundstram,Midfielder,90,24,0,0,0,86%,0,0,0%,0,0,0,2,2,1,4,28,41,1,2,3,1,1,0,5,2,0,1,4,0,0,0,0,,,,6.4
Oliver Norwood,Midfielder,85,29,0,0,0,85%,1,0,0%,1,0,0,1,5,1,2,34,51,1,2,0,0,0,0,6,8,0,1,5,5,4,1,0,1,,,7.4
John Fleck,Midfielder,90,28,0,0,0,82%,2,0,50%,1,1,0,3,6,3,5,34,50,0,0,1,2,1,1,5,1,1,0,3,0,0,0,0,,1,,6.7
Enda Stevens,Midfielder,90,21,0,0,0,66%,1,0,0%,1,0,0,1,2,0,4,32,62,0,2,1,1,1,0,3,5,0,1,6,2,1,1,0,,,,6.8
Harry Winks,Midfielder,70,68,0,0,0,89%,0,0,0%,0,0,0,3,0,1,3,76,89,0,1,0,1,0,0,3,2,0,4,7,1,0,0,0,1,,,6.8
Moussa Sissoko,Midfielder,90,63,0,0,0,95%,1,0,0%,1,0,0,1,0,1,1,66,83,0,0,0,0,1,0,5,1,1,1,13,1,1,0,0,,1,,6.4
Dele Alli,Midfielder,90,41,0,1,1,85%,2,0,100%,0,2,0,1,2,2,2,48,81,2,0,0,3,5,3,9,5,0,2,2,1,0,1,0,,1,,7.6
Leander Dendoncker,Midfielder,90,30,0,0,0,77%,0,0,0%,0,0,0,2,1,0,2,39,51,6,2,1,1,2,2,8,5,1,1,4,1,0,0,0,,,,6.2
Joao Moutinho,Midfielder,90,58,0,0,0,88%,1,0,0%,1,0,0,4,3,0,6,66,82,1,1,0,2,0,0,8,5,0,2,4,2,1,2,0,,,,6.1
Jonny,Midfielder,90,32,0,0,0,84%,0,0,0%,0,0,0,0,3,0,1,38,67,3,2,1,0,3,2,7,7,1,1,7,1,1,2,0,,,,6.7
Matteo Guendouzi,Midfielder,90,50,0,0,0,86%,1,0,100%,0,1,0,3,0,2,5,58,67,2,2,0,0,1,1,5,5,2,1,8,0,0,2,0,,1,,7.1
Granit Xhaka,Midfielder,61,27,1,0,0,79%,0,0,0%,0,0,0,6,1,1,8,34,44,5,1,0,0,0,0,8,3,2,1,4,2,1,0,0,1,,,6.8
Daniel Ceballos,Midfielder,90,42,0,0,0,76%,0,0,0%,0,0,0,1,3,1,6,55,66,2,1,0,1,0,0,6,7,1,0,9,5,3,1,0,,,,6.9
Davy Pröpper,Midfielder,90,44,0,0,0,73%,0,0,0%,0,0,0,2,0,1,3,60,74,0,0,0,1,1,1,4,6,3,2,7,4,3,1,0,,1,,7.5
Steven Alzate,Midfielder,90,36,0,0,0,78%,3,1,33%,1,1,0,1,0,0,1,46,63,1,0,0,2,5,4,6,5,2,1,8,1,0,0,0,,,,6.8
Dale Stephens,Midfielder,90,55,0,0,0,83%,0,0,0%,0,0,0,3,0,0,5,66,83,0,0,1,0,0,0,5,6,3,5,10,4,3,2,0,,1,,7.5
Pascal Gross,Midfielder,66,19,0,0,1,66%,1,0,100%,0,1,0,0,2,0,3,29,42,1,0,0,2,2,0,6,0,0,0,3,0,0,0,0,1,,,6.8
Jeff Hendrick,Midfielder,84,19,0,0,0,73%,0,0,0%,0,0,0,1,3,1,2,26,44,1,1,2,1,1,0,4,1,1,1,3,0,0,0,0,1,1,,6.1
Jack Cork,Midfielder,90,34,0,1,0,85%,0,0,0%,0,0,0,5,2,1,6,40,53,0,1,0,1,1,1,2,5,0,2,12,1,0,2,0,,,,6.7
Ashley Westwood,Midfielder,90,39,0,0,0,76%,1,1,0%,0,0,0,6,4,0,12,51,61,0,0,1,0,0,0,0,4,0,0,7,3,2,1,0,,,,6.7
Dwight McNeil,Midfielder,90,22,0,0,1,96%,2,1,50%,0,1,0,0,6,2,0,23,56,0,1,0,4,9,6,7,7,0,0,9,0,0,0,0,,,,7.6
Jordan Henderson,Midfielder,90,36,0,0,1,63%,1,0,100%,0,1,0,1,5,1,7,57,79,1,3,0,0,3,2,4,8,0,1,11,2,2,2,0,,,,8.3
Fabinho,Midfielder,90,79,0,0,0,87%,1,1,0%,0,0,0,5,1,2,7,91,111,2,2,0,0,1,0,4,8,1,3,11,4,3,2,0,,,,7.9
Georginio Wijnaldum,Midfielder,77,36,0,0,0,95%,1,0,100%,0,1,0,0,0,0,0,38,45,1,1,0,1,0,0,3,3,0,1,4,1,1,1,0,1,,,6.8
Kevin De Bruyne,Midfielder,76,38,1,0,0,81%,2,0,0%,2,0,0,7,11,5,7,47,71,0,0,2,0,3,2,5,5,2,0,5,3,1,0,0,1,,,8.5
Ilkay Gündogan,Midfielder,90,95,0,0,1,93%,2,1,50%,0,1,0,6,0,2,8,102,112,2,2,1,0,1,0,6,3,1,2,8,0,0,1,0,,1,,8.3
David Silva,Midfielder,90,45,0,0,1,80%,3,1,33%,1,1,0,1,0,2,3,56,75,0,0,1,1,4,4,3,5,1,2,5,1,0,0,0,,,,8.5
Miguel Almiron,Midfielder,90,25,0,0,0,83%,2,0,0%,2,0,0,0,1,2,0,30,48,0,2,2,3,1,1,6,9,1,1,5,2,2,4,0,,,,6.9
Matthew Longstaff,Midfielder,89,41,0,1,0,85%,0,0,0%,0,0,0,2,0,1,4,48,53,1,0,0,1,1,1,3,1,0,0,6,0,0,0,0,1,,,6.2
Sean Longstaff,Midfielder,82,50,0,0,0,79%,3,1,0%,2,0,0,3,7,2,7,63,84,3,1,1,2,2,0,10,3,2,1,6,0,0,2,0,,,1,4.9
Allan Saint-Maximin,Midfielder,89,14,0,0,0,78%,3,1,0%,0,0,0,1,3,1,1,18,45,3,2,0,2,11,7,9,11,0,0,4,0,0,2,0,1,,,6.9
Alexander Tettey,Midfielder,90,38,0,0,0,84%,0,0,0%,0,0,0,2,0,0,5,45,60,1,1,4,0,0,0,3,5,0,2,12,3,2,1,0,,,,6
Kenny McLean,Midfielder,90,33,0,0,0,77%,0,0,0%,0,0,0,3,0,0,4,43,61,0,2,1,1,0,0,5,12,1,1,8,8,3,2,0,,,,6.7
James Ward-Prowse,Midfielder,90,21,0,0,0,75%,2,1,50%,0,1,0,0,3,0,2,28,55,1,1,1,2,2,2,5,8,0,5,10,3,1,2,0,,,,7
Oriol Romeu,Midfielder,90,23,0,0,0,72%,0,0,0%,0,0,0,2,0,0,5,32,42,0,0,0,0,1,1,7,4,0,3,5,2,1,1,0,,,,6.2
Pierre-Emile Højbjerg,Midfielder,90,24,0,0,0,80%,0,0,0%,0,0,0,1,0,3,2,30,42,1,1,0,2,4,3,6,4,0,1,8,0,0,0,0,,,,6.4
Nathan Redmond,Midfielder,90,21,0,0,0,78%,2,0,50%,1,1,0,1,2,0,1,27,54,2,2,0,3,6,5,7,11,1,1,7,2,2,2,0,,,,6.7
Daryl Janmaat,Midfielder,90,21,0,0,0,66%,0,0,0%,0,0,0,0,4,0,3,32,64,0,1,3,1,1,1,2,6,0,2,9,3,2,1,0,,,,7.2
Abdoulaye Doucouré,Midfielder,90,33,0,0,0,80%,2,0,0%,2,0,0,2,1,1,3,41,62,3,0,1,1,3,1,11,5,3,2,10,4,3,0,0,,1,,6.4
Declan Rice,Midfielder,90,56,0,0,0,90%,1,0,100%,0,1,0,6,0,0,9,62,76,1,0,1,1,3,3,4,6,0,2,8,2,2,1,0,,,,7.3
Mark Noble,Midfielder,78,46,0,0,0,84%,1,0,0%,1,0,0,4,2,0,5,55,61,0,0,0,0,0,0,3,1,0,0,3,1,0,0,0,1,,,6.1
Robert Snodgrass,Midfielder,86,29,0,1,1,88%,2,0,50%,1,1,0,0,17,2,0,33,62,2,1,0,1,2,1,7,4,1,0,6,1,0,2,0,1,,,7.8
Lucas Torreira,Midfielder,73,23,0,0,0,96%,2,0,50%,1,1,0,0,1,0,0,24,33,1,0,2,0,0,0,1,1,0,0,1,1,1,0,0,1,,,6.5
Matteo Guendouzi,Midfielder,90,71,0,0,0,88%,0,0,0%,0,0,0,4,1,0,6,81,108,1,1,3,4,3,1,9,9,0,2,9,3,1,4,0,,,,6.4
Daniel Ceballos,Midfielder,90,58,0,0,0,92%,1,1,0%,0,0,0,2,3,1,3,63,84,3,0,0,2,4,3,8,8,0,1,5,4,3,1,0,,,,7
Mesut Özil,Midfielder,90,85,0,0,0,89%,0,0,0%,0,0,0,2,5,3,3,95,110,1,0,0,1,1,1,4,3,1,0,5,0,0,2,0,,,,7
John McGinn,Midfielder,90,13,1,1,0,81%,0,0,0%,0,0,0,1,2,1,2,16,47,3,1,4,4,6,3,12,10,2,3,8,4,3,2,0,,,,7.2
Marvelous Nakamba,Midfielder,90,16,0,0,0,59%,0,0,0%,0,0,0,1,0,0,4,27,45,1,2,1,1,0,0,5,9,2,2,9,5,4,2,0,,,,6.5
Douglas Luiz,Midfielder,73,12,0,0,0,75%,0,0,0%,0,0,0,0,1,0,1,16,29,1,0,2,0,0,0,1,3,0,0,5,3,1,0,0,1,,,6.4
Harry Wilson,Midfielder,86,23,0,0,0,85%,5,1,40%,1,2,0,2,0,0,5,27,47,0,0,1,1,2,0,4,4,0,0,1,1,1,3,0,1,,,6.8
Jefferson Lerma,Midfielder,90,27,0,0,0,71%,2,1,0%,1,0,0,4,0,0,8,38,50,0,0,2,0,0,0,0,6,0,0,4,5,4,1,0,,1,,7.3
Philip Billing,Midfielder,90,24,0,0,0,67%,0,0,0%,0,0,0,1,1,0,3,36,62,1,1,5,1,2,1,5,5,0,2,6,1,0,2,0,,,,6.9
Ryan Fraser,Midfielder,90,30,0,1,0,73%,2,0,100%,0,2,0,2,2,3,4,41,61,0,0,0,2,3,1,8,1,4,2,6,0,0,0,0,,1,,6.6
Davy Pröpper,Midfielder,90,54,0,1,0,78%,2,0,50%,1,1,0,2,3,2,6,69,89,0,1,1,0,4,4,3,9,0,1,15,3,1,1,0,,,,8
Dale Stephens,Midfielder,90,49,0,0,0,86%,1,0,0%,1,0,0,4,0,1,6,57,64,0,0,0,1,1,1,11,5,3,0,6,4,3,0,0,,,,6.6
Steven Alzate,Midfielder,90,30,0,0,0,91%,3,0,33%,2,1,0,2,0,2,3,33,60,0,0,0,2,8,7,5,11,2,2,0,0,0,4,0,,,,8
Cheikhou Kouyaté,Midfielder,74,20,0,0,0,83%,0,0,0%,0,0,0,0,4,0,1,24,37,1,4,0,2,1,0,6,6,1,1,4,1,1,1,0,1,,,5.9
Luka Milivojevic,Midfielder,90,40,0,0,0,85%,1,1,0%,0,0,0,8,7,1,11,47,60,0,1,1,0,1,1,5,3,3,1,6,1,0,0,0,,,,6.3
James McArthur,Midfielder,78,19,0,0,0,90%,1,0,0%,1,0,0,0,1,0,0,21,40,2,0,1,2,1,1,6,4,1,0,3,1,1,2,0,1,,,5.9
Jeffrey Schlupp,Midfielder,90,19,0,0,0,76%,2,1,50%,0,1,0,2,0,2,3,25,46,1,2,0,2,1,1,6,9,3,1,4,4,2,2,0,,1,,6.7
André Gomes,Midfielder,84,25,0,0,0,78%,1,0,0%,1,0,0,5,0,1,7,32,44,3,1,0,1,3,2,6,5,0,0,2,1,0,1,0,1,,,6.4
Fabian Delph,Midfielder,90,40,0,0,0,85%,0,0,0%,0,0,0,6,0,0,10,47,61,0,2,0,1,3,3,4,9,3,1,10,3,2,1,0,,,,7
Theo Walcott,Midfielder,68,3,0,0,0,33%,0,0,0%,0,0,0,0,1,1,0,9,23,1,1,0,1,1,1,4,4,1,1,1,1,0,1,0,1,1,,6.3
Tom Davies,Midfielder,83,18,0,0,0,78%,0,0,0%,0,0,0,4,1,0,6,23,37,1,0,0,1,2,2,3,7,1,1,8,4,1,1,0,1,,,6.8
Alex Iwobi,Midfielder,90,23,0,0,0,79%,0,0,0%,0,0,0,1,1,1,2,29,46,1,0,0,1,4,3,5,9,0,1,3,5,3,1,0,,,,6.2
Angelino,Midfielder,90,67,0,0,0,84%,0,0,0%,0,0,0,0,18,1,4,80,118,4,4,1,0,0,0,6,5,0,0,8,1,1,0,0,,,,7.1
Kevin De Bruyne,Midfielder,90,62,0,1,0,84%,4,2,0%,1,0,0,7,17,4,9,74,116,1,1,0,1,5,4,4,7,1,0,1,1,1,1,0,,,,7.9
Ilkay Gündogan,Midfielder,90,63,0,1,0,85%,6,1,0%,1,0,0,4,2,3,5,74,94,1,0,1,1,3,3,6,4,1,1,9,0,0,1,0,,1,,7.4
George Baldock,Midfielder,90,26,0,0,0,79%,0,0,0%,0,0,0,1,7,0,2,33,61,3,0,3,0,2,2,4,7,1,1,3,2,1,3,0,,,,7.4
John Lundstram,Midfielder,90,33,0,2,2,87%,5,0,60%,2,3,0,1,1,1,3,38,52,3,0,1,0,0,0,3,3,0,0,6,3,2,0,0,,,,9.1
Oliver Norwood,Midfielder,90,45,0,0,0,78%,0,0,0%,0,0,0,3,4,0,9,58,75,0,4,1,0,2,2,2,11,1,1,5,3,1,2,0,,,,7.8
John Fleck,Midfielder,90,27,0,0,1,79%,1,0,100%,0,1,0,0,6,1,2,34,54,3,0,0,3,3,3,6,4,0,2,8,1,1,0,0,,,,7.8
Enda Stevens,Midfielder,90,22,0,1,0,76%,1,1,0%,0,0,0,3,2,2,5,29,45,0,1,1,0,2,2,0,5,0,0,3,2,0,0,0,,,,7.5
Daryl Janmaat,Midfielder,75,17,0,0,0,77%,0,0,0%,0,0,0,1,3,2,2,22,41,0,0,3,0,1,1,1,2,1,1,1,1,1,0,0,1,1,,6.5
Nathaniel Chalobah,Midfielder,67,34,0,0,0,83%,1,1,0%,0,0,0,2,0,2,3,41,52,1,0,2,1,1,1,5,4,1,0,7,3,0,0,0,1,,,6.4
Abdoulaye Doucouré,Midfielder,90,46,0,1,0,85%,2,2,0%,0,0,0,2,2,2,5,54,71,1,1,1,1,2,2,4,7,0,2,10,2,0,2,0,,,,7
Declan Rice,Midfielder,90,58,0,0,0,95%,1,0,0%,1,0,0,4,0,0,4,61,71,1,1,2,0,1,0,6,1,1,1,5,0,0,0,0,,,,5.2
Robert Snodgrass,Midfielder,90,29,0,0,1,81%,2,1,50%,0,1,0,0,14,5,1,36,68,3,3,0,2,2,0,11,9,1,0,5,3,1,3,0,,,,7.8
Jeff Hendrick,Midfielder,90,13,0,0,0,81%,2,0,100%,0,2,0,0,2,0,0,16,38,1,4,0,0,3,1,6,6,2,2,5,1,0,0,0,,,,7.1
Jack Cork,Midfielder,90,21,0,1,0,72%,1,0,100%,0,1,0,1,0,2,3,29,39,1,1,2,0,3,3,4,5,1,0,8,0,0,1,0,,,,7.5
Ashley Westwood,Midfielder,90,37,0,0,0,80%,0,0,0%,0,0,0,1,6,1,4,46,63,1,0,1,0,1,1,4,3,3,0,10,1,0,1,0,,1,,6.9
N'Golo Kanté,Midfielder,90,68,0,0,0,89%,1,0,0%,1,0,0,7,2,2,7,76,94,3,1,1,2,0,0,10,3,2,3,6,1,0,1,0,,,,6.7
Mateo Kovacic,Midfielder,90,86,0,0,0,91%,1,1,0%,0,0,0,7,1,1,11,95,109,1,1,0,0,3,3,3,11,1,1,10,3,2,4,0,,1,,8
Mason Mount,Midfielder,87,21,0,1,0,95%,4,1,0%,0,0,0,0,2,3,0,22,40,3,0,0,1,1,0,8,3,1,0,4,1,0,2,0,1,,,6.5
Christian Pulisic,Midfielder,80,22,0,1,1,67%,6,0,50%,3,3,0,0,2,3,1,33,56,1,2,0,3,7,6,5,8,0,0,4,0,0,0,0,1,,,8.5
Wilfred Ndidi,Midfielder,90,26,0,0,0,90%,2,0,0%,2,0,0,0,0,1,1,29,53,1,3,2,3,3,3,8,12,1,4,5,6,3,0,0,,,,8.1
Youri Tielemans,Midfielder,90,48,1,1,0,77%,4,1,0%,3,0,0,2,2,3,5,62,77,0,0,0,1,0,0,2,2,0,1,5,2,1,0,0,,,,8
James Maddison,Midfielder,90,55,0,0,1,89%,4,0,50%,2,2,0,2,5,3,6,62,91,0,0,1,2,1,1,7,8,2,0,9,3,1,4,0,,,,8.5
Jordan Henderson,Midfielder,61,14,1,1,0,78%,0,0,0%,0,0,0,1,5,1,1,18,28,0,1,0,0,1,0,1,2,0,0,1,1,1,0,0,1,,,7.5
Fabinho,Midfielder,90,29,0,0,1,83%,2,1,50%,0,1,0,1,0,0,3,35,44,0,0,0,0,1,1,7,3,2,2,3,1,0,1,0,,,,7.5
Georginio Wijnaldum,Midfielder,90,35,0,0,0,97%,2,0,0%,2,0,0,3,0,0,3,36,51,0,0,3,0,4,2,3,4,0,1,7,1,1,1,0,,,,7.3
Scott McTominay,Midfielder,89,27,0,1,1,75%,1,0,100%,0,1,0,2,1,2,6,36,57,1,1,0,3,4,3,8,9,2,1,10,2,2,3,0,,,,8
Fred,Midfielder,90,36,0,0,0,78%,2,0,50%,1,1,0,5,2,1,7,46,61,0,1,0,0,2,2,5,6,2,0,12,2,0,1,0,,,,7.1
Daniel James,Midfielder,90,25,0,1,0,89%,1,0,100%,0,1,0,1,4,2,3,28,48,1,0,0,1,5,3,4,7,0,0,8,1,0,3,0,,,,7.3
Andreas Pereira,Midfielder,70,13,0,0,1,72%,3,0,100%,0,3,0,0,6,3,1,18,41,1,0,0,4,1,1,6,3,0,0,6,1,1,1,0,1,,,7.7
Miguel Almiron,Midfielder,90,17,0,0,0,85%,3,1,0%,1,0,0,0,1,2,1,20,33,0,0,0,1,1,1,5,1,3,0,7,0,0,0,0,,,,6.4
Isaac Hayden,Midfielder,90,30,0,0,0,83%,0,0,0%,0,0,0,2,0,1,4,36,47,0,2,1,1,1,1,4,4,1,1,5,1,0,0,0,,1,,6.9
Jonjo Shelvey,Midfielder,90,21,0,1,0,62%,3,2,0%,1,0,0,4,5,3,13,34,48,1,1,1,0,0,0,2,3,0,1,4,2,1,0,0,,,,7.3
Alexander Tettey,Midfielder,90,75,0,0,0,88%,1,0,0%,1,0,0,5,0,0,10,85,92,1,2,0,0,0,0,3,2,0,2,10,0,0,0,0,,,,5.8
Tom Trybull,Midfielder,90,60,0,0,0,98%,2,2,0%,0,0,0,3,0,0,3,61,77,1,2,1,1,0,0,6,7,1,1,3,4,1,1,0,,,,6.2
Kenny McLean,Midfielder,90,50,0,0,0,83%,2,0,100%,0,2,0,1,5,2,2,60,86,2,0,1,1,1,1,5,4,1,0,9,1,1,2,0,,,,6.4
Emiliano Buendia,Midfielder,62,25,0,0,0,74%,1,0,0%,1,0,0,2,6,0,2,34,62,0,1,0,2,3,1,5,7,0,0,7,4,3,1,0,1,,,5.3
Marco Stiepermann,Midfielder,62,11,0,0,0,61%,0,0,0%,0,0,0,0,1,1,1,18,37,4,0,1,1,4,3,9,6,1,1,4,2,1,1,0,1,,,6.1
Onel Hernández,Midfielder,90,16,0,0,0,76%,1,0,0%,1,0,0,0,6,1,0,21,54,0,0,1,1,13,7,9,9,1,1,2,1,1,1,0,,,,6.9
Stuart Armstrong,Midfielder,89,17,0,0,0,68%,0,0,0%,0,0,0,0,1,0,2,25,50,6,1,1,1,4,2,11,6,1,1,6,2,1,1,0,1,,,5.7
Oriol Romeu,Midfielder,90,26,0,0,0,63%,0,0,0%,0,0,0,0,0,0,2,41,49,0,5,2,0,0,0,4,5,0,1,4,0,0,0,0,,,,6.3
James Ward-Prowse,Midfielder,90,29,0,0,0,91%,1,0,100%,0,1,0,1,7,2,2,32,45,0,0,1,0,0,0,3,2,1,1,8,0,0,2,0,,,,6.4
Nathan Redmond,Midfielder,81,14,0,0,0,74%,0,0,0%,0,0,0,0,0,0,3,19,30,6,1,0,1,0,0,7,2,0,0,3,1,0,0,0,1,,,5.5
Moussa Djenepo,Midfielder,90,9,0,0,0,75%,1,0,0%,1,0,0,0,1,0,1,12,40,0,0,2,2,5,2,7,8,2,0,5,1,0,5,0,,,,6.4
Eric Dier,Midfielder,90,61,0,0,0,77%,0,0,0%,0,0,0,6,0,0,11,79,90,1,6,7,0,0,0,3,6,2,1,4,0,0,0,0,,1,,6.8
Moussa Sissoko,Midfielder,90,58,0,0,0,91%,0,0,0%,0,0,0,1,2,1,2,64,76,0,2,1,3,1,1,3,3,0,0,7,0,0,0,0,,,,6.5
Giovani Lo Celso,Midfielder,90,51,0,0,0,84%,2,0,0%,2,0,0,3,3,2,5,61,84,2,0,1,2,3,2,10,7,1,0,10,2,2,3,0,,,,6.8
Dele Alli,Midfielder,72,28,0,1,0,76%,0,0,0%,0,0,0,2,0,2,2,37,57,2,0,0,2,3,1,6,10,0,0,2,6,4,3,0,1,,,7.1
Leander Dendoncker,Midfielder,90,37,0,0,0,93%,0,0,0%,0,0,0,4,1,0,5,40,55,3,5,10,0,0,0,5,6,0,0,5,1,0,0,0,,,,7
Romain Saiss,Midfielder,90,26,0,0,0,79%,0,0,0%,0,0,0,1,0,0,5,33,48,1,1,8,0,0,0,5,4,3,0,5,2,1,1,0,,1,,6.8
Ruben Neves,Midfielder,85,44,0,0,1,76%,2,1,50%,0,1,0,7,1,3,12,58,67,0,0,1,0,1,1,1,1,1,1,7,0,0,0,0,1,,,8.3
Joao Moutinho,Midfielder,90,34,1,0,0,85%,1,0,0%,1,0,0,6,6,2,9,40,68,1,0,0,0,2,1,5,7,1,2,4,5,3,1,0,,1,,8.1
Diogo Jota,Midfielder,83,20,0,0,0,77%,5,2,60%,0,3,0,1,0,0,1,26,51,1,0,1,6,4,1,19,3,5,1,6,1,0,1,0,1,1,,5
Lucas Torreira,Midfielder,83,40,0,0,0,83%,1,0,0%,1,0,0,0,1,0,0,48,66,2,0,1,0,1,1,3,5,2,4,8,2,1,2,0,1,1,,7.1
Matteo Guendouzi,Midfielder,90,61,0,0,0,91%,0,0,0%,0,0,0,1,1,1,2,67,95,0,1,2,0,4,3,1,13,0,4,5,4,1,5,0,,1,,8.1
Mesut Özil,Midfielder,90,34,0,0,0,76%,1,0,100%,0,1,0,0,10,5,0,45,68,0,0,0,0,3,3,2,8,1,0,1,2,1,3,0,,,,7.8
John McGinn,Midfielder,90,36,0,0,0,78%,3,0,33%,2,1,0,8,0,1,10,46,63,1,1,1,1,3,1,6,3,2,0,6,1,1,0,0,,,,7.3
Conor Hourihane,Midfielder,89,42,1,2,1,98%,2,0,50%,1,1,0,2,10,3,2,43,63,1,0,0,1,0,0,4,2,1,1,3,0,0,2,0,1,,,8.5
Douglas Soares,Midfielder,90,49,0,0,0,84%,4,1,25%,0,1,0,2,0,0,5,58,72,3,1,1,2,2,2,7,3,2,1,8,0,0,0,0,,,,6.7
Jack Grealish,Midfielder,90,58,1,1,0,87%,5,0,40%,3,2,0,4,8,6,5,67,95,2,0,0,1,3,1,6,7,0,0,7,1,0,5,0,,,,8.6
Lewis Cook,Midfielder,76,42,0,0,0,81%,1,1,0%,0,0,0,0,0,0,3,52,67,0,0,1,1,1,1,4,2,2,3,4,0,0,1,0,1,,,6.2
Ryan Fraser,Midfielder,90,18,1,0,0,72%,1,1,0%,0,0,0,0,7,1,1,25,40,1,1,0,0,0,0,2,4,1,0,2,0,0,3,0,,,,7.1
Davy Pröpper,Midfielder,90,42,0,0,0,86%,2,1,0%,1,0,0,0,0,0,1,49,61,0,1,1,1,2,2,3,3,1,1,7,0,0,0,0,,,,6.4
Dale Stephens,Midfielder,77,43,0,0,0,93%,0,0,0%,0,0,0,4,0,0,5,46,54,2,0,1,0,0,0,5,2,2,0,3,2,0,0,0,1,1,,5.8
Solly March,Midfielder,83,33,0,0,0,77%,0,0,0%,0,0,0,2,7,0,4,43,68,1,1,0,2,2,1,5,2,0,0,6,0,0,0,0,1,,,5.7
Aaron Mooy,Midfielder,90,35,0,1,0,88%,0,0,0%,0,0,0,2,6,3,4,40,61,0,0,2,2,2,1,4,4,0,0,5,2,1,1,0,,,,6.7
Cheikhou Kouyaté,Midfielder,72,12,0,1,0,50%,1,0,0%,1,0,0,0,2,2,3,24,40,1,4,4,0,1,0,2,8,0,2,6,2,1,2,0,1,,,7
Luka Milivojevic,Midfielder,90,34,0,0,0,77%,4,0,75%,1,3,0,3,8,1,9,44,70,1,1,2,0,0,0,4,4,1,1,6,3,3,0,0,,,,7.1
James McArthur,Midfielder,90,20,0,0,0,91%,0,0,0%,0,0,0,0,1,2,0,22,40,5,3,3,1,1,1,7,4,1,1,2,0,0,0,0,,,,6.2
Andros Townsend,Midfielder,90,22,1,1,0,92%,2,1,50%,0,1,0,0,4,3,0,24,50,1,0,0,4,8,4,9,4,0,0,3,0,0,0,0,,,,6.7
Tom Davies,Midfielder,90,40,0,0,0,82%,2,0,100%,0,2,0,3,0,0,5,49,62,2,3,0,2,3,1,8,5,0,1,7,0,0,1,0,,,,5.7
Gylfi Sigurdsson,Midfielder,90,21,0,0,0,72%,4,1,50%,1,2,0,1,5,1,1,29,47,0,1,1,1,0,0,5,6,0,0,4,3,1,2,0,,,,5.5
Fernandinho,Midfielder,90,68,0,0,0,87%,1,1,0%,0,0,0,2,0,0,6,78,94,3,4,6,0,0,0,3,10,0,1,6,4,4,2,0,,,,7.7
Kevin De Bruyne,Midfielder,90,38,0,0,1,75%,3,0,33%,2,1,0,1,12,3,3,51,80,0,0,0,1,5,2,9,5,1,0,6,1,1,2,0,,,,8
David Silva,Midfielder,67,29,0,0,0,81%,0,0,0%,0,0,0,2,1,1,2,36,44,0,1,0,1,0,0,2,5,1,1,1,4,2,0,0,1,,,7
Riyad Mahrez,Midfielder,90,37,0,0,1,90%,5,2,40%,1,2,0,2,2,1,3,41,70,0,2,0,2,5,4,8,7,0,1,3,0,0,1,0,,,,8
George Baldock,Midfielder,90,25,0,0,0,78%,0,0,0%,0,0,0,0,6,0,2,32,53,4,1,0,0,2,1,5,4,0,1,8,0,0,2,0,,,,6.5
Oliver Norwood,Midfielder,90,46,0,0,0,81%,1,1,0%,0,0,0,7,5,1,12,57,73,1,1,1,0,0,0,5,1,2,4,8,0,0,0,0,,,,6.8
John Fleck,Midfielder,90,34,1,1,1,71%,1,0,100%,0,1,0,2,6,3,7,48,70,1,2,0,0,0,0,4,5,0,1,9,1,1,2,0,,,,8.5
Abdoulaye Doucouré,Midfielder,90,41,0,0,0,87%,2,1,0%,1,0,0,1,2,2,1,47,63,4,3,1,2,1,1,8,6,1,0,8,2,2,0,0,,,,6.4
Étienne Capoue,Midfielder,90,46,0,0,0,88%,3,1,0%,2,0,0,6,2,2,8,52,64,0,1,2,0,0,0,1,3,1,0,8,1,1,1,0,,,,6.7
Will Hughes,Midfielder,67,20,0,0,0,80%,1,1,0%,0,0,0,0,0,0,1,25,36,0,1,3,0,0,0,5,5,5,0,3,1,1,3,0,1,,,6.1
Ryan Fredericks,Midfielder,90,34,0,0,0,77%,0,0,0%,0,0,0,2,5,1,4,44,75,1,0,5,2,1,1,5,5,1,0,5,2,1,2,0,,1,,5.7
Declan Rice,Midfielder,90,43,0,0,0,91%,0,0,0%,0,0,0,3,1,0,5,47,63,2,0,1,2,3,2,5,4,0,4,13,2,1,0,0,,,,6.7
Mark Noble,Midfielder,90,44,1,0,0,85%,0,0,0%,0,0,0,9,0,2,10,52,64,1,1,1,1,3,3,3,7,1,0,4,3,1,0,0,,,,7.7
Robert Snodgrass,Midfielder,90,20,1,0,0,83%,1,0,0%,1,0,0,1,8,5,1,24,48,1,0,1,1,3,2,7,5,2,0,6,1,0,2,0,,1,,7.7
Robert Brady,Midfielder,77,10,0,1,0,59%,0,0,0%,0,0,0,1,3,2,2,17,32,3,1,1,1,1,1,7,5,2,1,8,2,2,1,0,1,,,6.4
Jack Cork,Midfielder,90,22,0,0,0,71%,2,0,0%,2,0,0,1,0,0,6,31,51,0,2,3,2,2,1,4,5,0,0,2,2,2,0,0,,,,6.3
Jeff Hendrick,Midfielder,90,24,0,1,0,80%,0,0,0%,0,0,0,0,4,3,2,30,46,0,0,1,2,2,1,4,2,0,1,7,0,0,1,0,,,,6.3
Jorginho,Midfielder,63,48,0,0,0,84%,0,0,0%,0,0,0,3,0,0,6,57,66,3,0,1,1,1,0,7,1,0,1,5,0,0,1,0,1,,,5.6
Mateo Kovacic,Midfielder,90,91,0,0,0,92%,1,0,100%,0,1,0,5,0,1,7,99,116,1,1,1,1,2,1,6,4,0,2,7,1,1,1,0,,,,6.9
Mason Mount,Midfielder,90,39,0,0,0,85%,3,1,33%,0,1,0,0,7,2,1,46,67,3,0,0,1,3,2,6,4,0,0,6,0,0,2,0,,,,6.5
Christian Pulisic,Midfielder,90,31,0,0,0,76%,5,1,0%,4,0,0,2,1,2,3,41,67,1,2,0,4,9,5,10,8,0,0,5,0,0,1,0,,,,6.3
Wilfred Ndidi,Midfielder,90,80,0,0,0,86%,1,1,0%,0,0,0,5,0,4,10,93,107,1,6,0,0,1,1,4,12,0,2,12,4,1,1,0,,,,8.2
Youri Tielemans,Midfielder,90,56,0,1,0,80%,2,0,0%,2,0,0,7,3,1,9,70,84,2,3,0,1,2,0,6,5,0,1,6,2,1,0,0,,,,6.9
James Maddison,Midfielder,90,48,0,0,0,81%,2,1,50%,0,1,0,2,7,1,2,59,77,2,0,0,0,2,1,4,5,0,0,5,2,1,2,0,,,,7.3
Alex Oxlade-Chamberlain,Midfielder,78,21,0,0,0,81%,4,1,25%,1,1,0,2,1,1,3,26,52,0,1,0,2,3,1,6,6,0,5,6,2,0,2,0,1,,,7.3
Jordan Henderson,Midfielder,90,42,0,0,0,88%,0,0,0%,0,0,0,8,0,0,9,48,55,1,0,1,0,0,0,2,2,1,1,7,2,1,0,0,,,,6.9
Georginio Wijnaldum,Midfielder,90,32,0,0,0,84%,1,0,0%,1,0,0,0,0,1,1,38,48,0,1,3,0,1,0,3,1,1,1,7,0,0,0,0,,,,6.9
Andreas Pereira,Midfielder,90,58,0,1,0,84%,1,0,0%,1,0,0,3,7,2,7,69,87,1,0,0,2,2,1,8,1,3,0,6,0,0,0,0,,,,5.7
Fred,Midfielder,90,58,0,0,0,92%,3,0,33%,2,1,0,6,5,3,9,63,87,0,0,2,2,2,1,6,4,2,3,6,2,1,1,0,,1,,6.9
Daniel James,Midfielder,90,28,0,0,0,88%,1,1,0%,0,0,0,0,7,2,0,32,52,1,0,0,1,5,0,9,1,0,0,3,0,0,1,0,,,,5.8
Juan Mata,Midfielder,74,29,0,0,0,97%,0,0,0%,0,0,0,1,1,1,1,30,35,0,1,0,0,0,0,3,2,2,0,2,0,0,1,0,1,,,6.3
Jonjo Shelvey,Midfielder,90,25,0,0,1,83%,3,0,33%,2,1,0,5,2,1,7,30,51,0,0,3,1,0,0,6,3,1,4,8,2,1,1,0,,,,7.7
Isaac Hayden,Midfielder,90,13,0,0,0,68%,0,0,0%,0,0,0,0,0,0,0,19,32,0,3,2,1,0,0,1,6,0,1,2,3,0,0,0,,,,6.6
Miguel Almiron,Midfielder,90,18,1,0,0,75%,1,0,0%,1,0,0,1,1,1,3,24,45,0,1,0,1,5,3,4,8,0,2,10,4,2,0,0,,,,7.8
Tom Trybull,Midfielder,90,28,0,0,0,82%,1,0,0%,1,0,0,0,0,1,1,34,49,0,2,4,0,1,1,3,5,0,0,7,2,1,0,0,,,,6.6
Todd Cantwell,Midfielder,83,21,0,0,1,78%,3,1,33%,1,1,0,0,0,2,1,27,44,1,2,2,1,2,2,7,5,2,1,3,0,0,1,0,1,,,7.8
Kenny McLean,Midfielder,90,34,1,0,0,81%,3,0,100%,0,3,0,0,6,1,0,42,66,5,2,0,3,3,1,12,5,2,1,4,0,0,2,0,,1,,6.7
Onel Hernández,Midfielder,90,22,1,0,0,88%,0,0,0%,0,0,0,0,2,2,0,25,47,2,0,0,2,4,2,9,6,0,3,7,3,1,1,0,,,,7.5
Moussa Djenepo,Midfielder,90,14,1,1,0,64%,0,0,0%,0,0,0,0,4,1,2,22,52,1,1,0,0,9,7,6,12,2,3,5,2,1,2,0,,,,8.3
James Ward-Prowse,Midfielder,90,54,0,0,1,83%,3,1,33%,1,1,0,4,8,0,6,65,85,0,1,3,1,0,0,4,1,1,1,6,0,0,0,0,,,,7.6
Pierre-Emile Højbjerg,Midfielder,90,58,0,0,0,76%,1,0,0%,1,0,0,1,1,1,5,76,101,1,1,0,1,4,4,3,12,0,3,12,3,2,4,0,,,,7.9
Eric Dier,Midfielder,90,27,0,0,0,75%,0,0,0%,0,0,0,0,1,1,3,36,45,0,4,4,0,0,0,2,5,0,1,2,1,1,0,0,,,,6.8
Tanguy Ndombélé,Midfielder,74,54,0,0,0,90%,1,0,0%,1,0,0,1,3,0,1,60,84,0,0,1,1,5,5,3,10,1,2,8,3,2,2,0,1,,,7.8
Moussa Sissoko,Midfielder,90,35,0,1,1,78%,3,1,33%,1,1,0,0,2,1,0,45,59,2,5,0,0,3,3,7,9,4,2,5,1,1,0,0,,,,8.3
Dele Alli,Midfielder,89,38,0,2,2,79%,5,0,60%,2,3,0,1,1,1,2,48,75,0,2,1,1,7,7,2,12,0,0,7,1,0,2,0,1,,,9.3
Leander Dendoncker,Midfielder,90,46,0,0,0,78%,1,1,0%,0,0,0,2,0,0,7,59,70,0,4,2,0,1,1,1,10,1,1,6,4,2,1,0,,1,,7.3
Joao Moutinho,Midfielder,90,55,0,0,0,90%,1,0,0%,1,0,0,8,13,3,8,61,81,1,0,1,0,0,0,5,3,0,1,9,3,0,0,0,,,,6.8
Ruben Neves,Midfielder,90,45,0,0,0,74%,3,1,33%,1,1,0,7,3,0,14,61,72,3,1,0,0,1,1,5,3,1,2,13,1,0,0,0,,,,6.5
Diogo Jota,Midfielder,90,27,0,0,0,82%,2,0,0%,2,0,0,0,2,0,0,33,58,3,0,1,4,5,2,12,6,2,1,3,0,0,4,0,,,,5.9
Granit Xhaka,Midfielder,90,44,0,0,0,86%,0,0,0%,0,0,0,7,0,2,10,51,66,2,0,2,0,4,4,4,7,1,1,6,2,1,1,0,,,,6.7
Lucas Torreira,Midfielder,90,37,0,0,0,88%,1,0,0%,1,0,0,5,0,1,7,42,61,1,0,1,0,2,2,3,7,2,2,5,2,0,3,0,,,,6.6
Mesut Özil,Midfielder,90,36,1,0,0,86%,1,0,0%,1,0,0,1,10,2,2,42,65,0,0,0,2,0,0,2,0,0,1,4,0,0,0,0,,,,6.7
Aaron Lennon,Midfielder,90,9,0,0,0,82%,0,0,0%,0,0,0,0,1,1,0,11,26,0,1,1,1,1,0,3,2,1,3,4,1,1,0,0,,,,6.3
Jack Cork,Midfielder,90,15,0,0,0,83%,0,0,0%,0,0,0,1,1,0,2,18,37,1,1,2,0,1,1,3,5,0,1,1,2,1,2,0,,,,6.6
Jeff Hendrick,Midfielder,90,15,1,1,0,75%,0,0,0%,0,0,0,0,2,1,1,20,34,0,1,0,0,1,1,3,3,2,0,2,0,0,1,0,,1,,7.1
Wilfred Ndidi,Midfielder,90,43,0,0,0,74%,1,0,100%,0,1,0,1,0,0,6,58,73,1,5,2,1,0,0,4,8,2,2,5,2,1,1,0,,1,,7.3
Youri Tielemans,Midfielder,69,33,0,0,0,83%,0,0,0%,0,0,0,1,2,1,2,40,46,0,1,0,2,0,0,4,1,2,0,3,0,0,0,0,1,,,6.3
James Maddison,Midfielder,90,49,0,1,1,83%,1,0,100%,0,1,0,1,11,3,1,59,86,5,1,0,0,3,2,7,9,1,1,3,1,0,5,0,,,,8.5
Harvey Barnes,Midfielder,80,21,0,0,0,84%,3,0,67%,1,2,0,1,1,0,2,25,45,3,2,0,1,5,3,8,6,1,2,3,0,0,1,0,1,,,6.9
George Baldock,Midfielder,90,34,0,0,0,81%,0,0,0%,0,0,0,0,6,2,6,42,72,0,1,2,0,3,2,1,7,0,0,2,2,2,2,0,,,,7.4
Oliver Norwood,Midfielder,72,101,0,0,0,89%,1,0,100%,0,1,0,9,5,0,12,113,123,1,1,0,0,0,0,2,3,0,0,5,2,2,0,0,1,,,6.9
John Fleck,Midfielder,90,45,0,0,0,79%,1,1,0%,0,0,0,3,10,1,3,57,82,1,0,1,2,1,1,3,3,1,0,9,1,1,1,0,,,,6.4
Leander Dendoncker,Midfielder,90,50,0,1,1,83%,2,0,50%,1,1,0,2,0,0,4,60,73,1,4,1,0,1,1,2,8,0,1,7,3,2,0,0,,,,8.3
Romain Saiss,Midfielder,90,41,0,0,0,76%,2,0,0%,2,0,0,4,0,2,12,54,67,1,3,7,0,0,0,1,6,1,0,3,1,1,2,0,,,,7.6
Ruben Neves,Midfielder,90,43,0,0,0,81%,0,0,0%,0,0,0,6,0,0,11,53,61,1,0,0,1,1,1,7,1,0,1,6,0,0,0,0,,,,6.3
Joao Moutinho,Midfielder,90,52,1,1,0,93%,1,0,0%,1,0,0,4,7,3,5,56,72,2,1,1,0,0,0,10,2,2,3,9,0,0,2,0,,,,7.7
Diogo Jota,Midfielder,72,22,0,0,0,79%,2,0,100%,0,2,0,1,3,1,1,28,52,3,3,1,2,5,2,9,6,1,1,6,1,0,0,0,1,1,,6.9
Scott McTominay,Midfielder,90,40,0,0,0,77%,0,0,0%,0,0,0,4,0,0,8,52,65,0,1,1,0,1,1,3,4,1,3,11,2,2,0,0,,,,7.3
Fred,Midfielder,90,51,0,0,0,84%,1,0,0%,1,0,0,6,3,1,8,61,86,2,1,2,1,4,2,13,7,2,3,11,2,1,2,0,,,,6.9
Daniel James,Midfielder,90,14,0,0,0,70%,2,0,100%,0,2,0,0,3,0,1,20,37,1,0,0,2,1,1,8,5,0,1,2,3,1,1,0,,,,6.5
Jesse Lingard,Midfielder,87,30,0,0,0,91%,2,1,0%,1,0,0,1,0,4,2,33,49,2,0,0,1,3,1,10,2,3,0,2,1,1,0,0,1,,,6.5
Mason Greenwood,Midfielder,80,16,0,0,0,67%,1,0,100%,0,1,0,1,0,0,1,24,31,0,0,0,0,0,0,2,3,1,0,4,3,2,0,0,1,,,6.9
N'Golo Kanté,Midfielder,90,99,0,0,0,87%,2,1,0%,1,0,0,2,2,4,2,114,128,2,2,0,1,1,0,10,2,3,3,14,0,0,0,0,,,,6.8
Mateo Kovacic,Midfielder,90,98,0,0,0,92%,0,0,0%,0,0,0,4,1,4,8,106,123,0,1,3,2,4,1,13,5,3,0,8,1,0,2,0,,1,,6.8
Mason Mount,Midfielder,90,35,0,0,1,90%,5,1,40%,1,2,0,0,3,0,0,39,60,1,0,1,1,3,2,7,3,3,0,2,1,0,0,0,,1,,7.7
Christian Pulisic,Midfielder,86,30,0,0,0,88%,5,2,20%,1,1,0,0,0,2,0,34,61,2,2,0,3,9,6,9,10,0,0,2,1,0,1,0,1,,,7.3
Moussa Djenepo,Midfielder,72,12,0,0,0,71%,1,0,0%,1,0,0,0,0,0,2,17,35,1,0,1,1,5,2,6,6,1,0,4,2,1,2,0,1,1,,6.8
James Ward-Prowse,Midfielder,90,37,1,1,0,70%,0,0,0%,0,0,0,1,9,2,5,53,77,2,2,2,0,2,1,5,5,1,3,9,1,0,1,0,,,,8
Pierre-Emile Højbjerg,Midfielder,90,42,0,0,0,71%,2,0,50%,1,1,0,1,1,3,6,59,82,2,4,0,0,3,2,7,15,3,2,21,8,5,1,0,,,,8.3
Nathan Redmond,Midfielder,90,23,0,0,0,72%,2,2,0%,0,0,0,3,0,1,5,32,55,3,2,0,2,3,2,9,8,0,1,6,4,1,1,0,,,,6.9
Cheikhou Kouyaté,Midfielder,90,21,0,0,0,95%,0,0,0%,0,0,0,1,0,0,1,22,39,2,3,4,1,2,2,4,7,0,3,3,2,1,0,0,,,,7.3
Luka Milivojevic,Midfielder,90,19,0,0,0,83%,1,0,0%,1,0,0,0,9,1,3,23,46,1,1,3,2,0,0,6,3,2,1,4,1,0,1,0,,1,,6.2
James McArthur,Midfielder,90,31,1,0,0,82%,2,0,50%,1,1,0,0,0,3,2,38,51,4,1,1,2,2,1,11,5,1,0,3,3,1,0,0,,1,,7.2
Georginio Wijnaldum,Midfielder,90,47,0,0,1,90%,2,0,50%,1,1,0,2,0,1,2,52,69,2,4,3,0,3,2,5,8,1,2,5,0,0,2,0,,,,8
James Milner,Midfielder,90,32,0,0,0,68%,1,1,0%,0,0,0,3,0,0,8,47,59,2,1,2,0,0,0,5,4,1,0,4,2,1,1,0,,,,6.1
Adam Lallana,Midfielder,72,22,0,0,0,81%,0,0,0%,0,0,0,0,0,0,1,27,42,2,1,0,1,2,1,6,5,2,0,2,2,2,1,0,1,,,6.6
Douglas Luiz,Midfielder,90,22,0,0,0,71%,2,1,0%,1,0,0,1,0,0,2,31,50,1,1,1,1,2,1,10,7,5,0,7,2,1,3,0,,,,5.8
John McGinn,Midfielder,90,30,0,0,0,88%,1,0,0%,1,0,0,3,8,1,3,34,57,0,2,1,1,4,3,5,7,3,0,9,1,0,1,0,,1,,6.6
Jack Grealish,Midfielder,90,35,0,0,1,88%,2,1,50%,0,1,0,3,2,3,3,40,70,0,0,0,3,6,4,7,13,2,0,8,3,2,6,0,,1,,8
Arnaut Danjuma,Midfielder,90,14,0,0,0,70%,2,1,0%,1,0,0,0,0,0,2,20,34,0,0,0,1,5,3,3,3,0,0,4,0,0,0,0,,,,6
Jefferson Lerma,Midfielder,90,27,0,0,0,82%,0,0,0%,0,0,0,2,0,0,4,33,51,1,2,1,1,3,2,4,8,0,5,9,1,1,3,0,,,,7
Ryan Fraser,Midfielder,90,20,0,0,0,71%,0,0,0%,0,0,0,0,2,2,3,28,35,0,0,0,0,0,0,2,0,0,1,9,0,0,0,0,,,,6.1
Steven Alzate,Midfielder,90,51,0,0,0,84%,1,1,0%,0,0,0,0,0,2,1,61,86,0,0,1,0,2,2,2,5,1,2,4,2,0,1,0,,,,7
Davy Pröpper,Midfielder,90,63,0,0,1,84%,1,0,100%,0,1,0,1,1,0,1,75,79,0,1,0,0,1,1,3,2,2,0,6,0,0,0,0,,,,6.9
Dale Stephens,Midfielder,90,79,1,0,0,89%,1,0,0%,1,0,0,5,0,1,9,89,103,0,0,1,0,0,0,4,3,1,3,12,3,3,0,0,,1,,8.1
Aaron Mooy,Midfielder,90,40,0,0,0,82%,1,0,0%,1,0,0,1,2,0,1,49,59,5,0,0,1,0,0,8,1,0,0,6,1,1,0,0,,,,5.7
Pascal Gross,Midfielder,68,19,0,0,0,76%,1,0,100%,0,1,0,1,7,2,3,25,39,1,2,1,0,0,0,2,5,0,0,3,1,0,2,0,1,,,6.9
Leandro Trossard,Midfielder,68,13,1,0,0,76%,1,0,0%,1,0,0,0,3,2,0,17,22,1,0,0,0,0,0,1,0,0,0,1,0,0,0,0,1,,,7.2
Morgan Schneiderlin,Midfielder,90,17,0,0,0,65%,1,0,0%,1,0,0,1,1,0,5,26,41,1,2,3,0,0,0,4,8,1,1,5,6,3,0,0,,,,7.2
Gylfi Sigurdsson,Midfielder,90,19,0,0,0,76%,0,0,0%,0,0,0,2,1,1,3,25,39,1,0,1,0,0,0,3,4,0,1,10,4,3,0,0,,,,7.2
Fernandinho,Midfielder,90,70,0,0,0,96%,0,0,0%,0,0,0,2,0,0,2,73,80,0,0,1,0,0,0,0,1,0,2,3,1,1,0,0,,,,6.4
Kevin De Bruyne,Midfielder,90,68,0,1,0,85%,4,2,0%,2,0,0,2,18,5,3,80,117,0,1,2,0,3,2,5,5,1,2,3,2,0,0,0,,1,,7.8
Rodri,Midfielder,86,65,0,0,0,89%,1,0,100%,0,1,0,6,1,1,11,73,87,1,0,0,0,4,4,2,5,1,2,6,0,0,1,0,1,,,7.2
David Silva,Midfielder,90,49,0,0,0,84%,3,1,67%,0,2,0,0,4,4,1,58,76,3,1,0,2,0,0,7,3,2,0,5,1,1,1,0,,,,6.5
Bernardo Silva,Midfielder,65,34,0,0,0,85%,2,2,0%,0,0,0,1,1,2,1,40,55,1,1,0,0,2,2,3,6,1,1,4,1,1,2,0,1,1,,7.2
Miguel Almiron,Midfielder,85,16,0,0,0,70%,2,1,0%,0,0,0,0,1,1,1,23,42,3,2,0,3,6,5,9,11,1,1,4,0,0,4,0,1,,,7
Isaac Hayden,Midfielder,90,20,0,0,0,71%,0,0,0%,0,0,0,0,3,0,0,28,45,2,5,2,1,4,3,6,11,2,1,3,1,0,2,0,,,,7.1
Jonjo Shelvey,Midfielder,90,32,0,0,1,73%,3,2,33%,0,1,0,8,2,4,14,44,64,3,1,2,0,1,0,8,3,3,4,4,2,1,0,0,,1,,8.2
Alexander Tettey,Midfielder,90,69,0,0,1,93%,2,0,50%,1,1,0,4,0,0,6,74,89,0,3,2,1,2,2,5,5,0,1,10,0,0,0,0,,,,7.3
Mario Vrancic,Midfielder,81,55,0,0,0,83%,3,1,33%,1,1,0,2,0,2,8,66,80,1,1,0,0,0,0,4,5,1,0,2,2,1,2,0,1,,,5.5
Emiliano Buendia,Midfielder,90,60,0,0,0,80%,1,1,0%,0,0,0,7,13,5,9,75,114,3,2,1,0,5,3,6,11,0,3,12,4,3,2,0,,,,8.1
Kenny McLean,Midfielder,90,36,0,0,0,75%,0,0,0%,0,0,0,1,2,1,3,48,64,7,6,1,2,4,2,13,12,1,0,3,1,1,3,0,,,,6.4
Onel Hernández,Midfielder,72,16,0,0,0,84%,1,0,0%,1,0,0,1,2,2,1,19,33,2,0,0,2,3,2,6,3,0,1,3,1,0,0,0,1,,,6.1
Moussa Sissoko,Midfielder,90,26,0,1,1,81%,2,0,50%,1,1,0,2,0,0,4,32,43,2,0,0,0,1,0,5,2,1,1,8,1,0,1,0,,,,8
Eric Dier,Midfielder,90,45,0,0,0,79%,0,0,0%,0,0,0,2,0,1,6,57,70,2,5,3,1,0,0,7,8,3,2,6,3,1,0,0,,1,,7.2
Dele Alli,Midfielder,85,23,2,1,0,85%,1,0,100%,0,1,0,0,0,2,0,27,45,4,0,0,4,1,1,8,2,0,3,3,0,0,1,0,1,,,8.1
Étienne Capoue,Midfielder,90,40,0,0,0,78%,1,0,0%,1,0,0,6,0,0,13,51,68,0,4,1,0,2,0,5,7,3,3,6,2,2,1,0,,1,,7.3
Abdoulaye Doucouré,Midfielder,78,33,0,0,0,80%,1,0,100%,0,1,0,0,1,0,0,41,54,4,4,1,1,1,1,8,7,2,0,6,1,1,1,0,1,1,,6.7
Roberto Pereyra,Midfielder,77,23,0,0,0,96%,1,1,0%,0,0,0,2,0,1,2,24,40,0,0,0,3,3,1,5,4,0,2,6,1,1,2,0,1,,,6.5
Ismaila Sarr,Midfielder,90,24,0,1,0,80%,4,2,0%,2,0,0,2,6,2,2,30,57,1,3,0,2,9,7,6,13,0,0,7,1,1,2,0,,,,7.5
Ryan Fredericks,Midfielder,90,22,0,0,0,73%,0,0,0%,0,0,0,2,1,1,3,30,52,0,1,1,0,0,0,1,6,1,1,2,4,2,1,0,,,,6.1
Robert Snodgrass,Midfielder,78,21,0,0,0,78%,1,1,0%,0,0,0,1,6,1,2,27,44,2,0,1,1,3,2,6,6,1,0,6,2,2,2,0,1,1,,6.6
Mark Noble,Midfielder,90,38,0,0,0,76%,2,1,0%,1,0,0,3,0,1,6,50,61,0,0,0,1,0,0,1,1,0,3,6,1,1,0,0,,,,6.5
Declan Rice,Midfielder,90,43,0,0,0,91%,1,0,100%,0,1,0,4,0,0,6,47,60,1,0,0,1,0,0,4,5,0,3,8,5,4,0,0,,,,6.9
Pablo Fornals,Midfielder,90,34,1,0,0,85%,2,0,0%,2,0,0,1,2,1,2,40,57,0,0,0,2,2,0,10,3,2,1,5,3,2,0,0,,,,6.3
Felipe Anderson,Midfielder,70,28,0,0,0,85%,1,1,0%,0,0,0,2,0,1,2,33,46,0,0,1,0,4,2,5,2,2,0,6,0,0,0,0,1,,,6.4
Michail Antonio,Midfielder,90,14,0,0,0,74%,2,0,50%,1,1,0,0,0,0,0,19,34,10,5,1,0,3,2,14,10,3,0,5,2,1,2,0,,,,6.3
Ainsley Maitland-Niles,Midfielder,90,54,0,0,0,93%,0,0,0%,0,0,0,3,1,1,4,58,78,0,2,3,0,2,0,2,4,0,3,8,1,1,1,0,,,,6.3
Matteo Guendouzi,Midfielder,90,59,0,0,0,94%,1,1,0%,0,0,0,3,0,0,5,63,80,0,0,0,1,1,0,6,4,2,3,2,2,2,2,0,,,,5.6
Lucas Torreira,Midfielder,81,42,0,0,0,93%,1,0,0%,1,0,0,5,0,1,7,45,62,1,0,1,0,1,1,3,10,1,2,4,4,2,5,0,1,,,6.5
Jeff Hendrick,Midfielder,90,18,0,0,0,62%,0,0,0%,0,0,0,0,0,0,4,29,40,0,1,1,0,2,0,5,4,0,1,3,2,2,1,0,,,,6.7
Ashley Westwood,Midfielder,90,40,1,1,0,82%,0,0,0%,0,0,0,3,2,2,6,49,63,1,0,1,1,2,1,6,3,0,1,7,1,0,1,0,,,,7.5
Jack Cork,Midfielder,90,33,0,0,0,75%,1,0,100%,0,1,0,3,1,0,4,44,59,2,4,1,1,3,2,10,9,4,0,8,2,2,1,0,,,,7
Dwight McNeil,Midfielder,90,24,0,0,0,89%,1,0,100%,0,1,0,0,5,2,0,27,52,2,1,1,0,5,3,5,8,1,2,8,3,3,1,0,,,,7.8
N'Golo Kanté,Midfielder,90,39,0,0,0,91%,0,0,0%,0,0,0,0,2,1,0,43,55,2,0,0,1,1,0,6,2,2,2,6,1,0,1,0,,,,5.9
Jorginho,Midfielder,78,56,0,1,0,84%,1,0,0%,1,0,0,3,0,1,5,67,82,1,2,2,0,0,0,3,7,1,6,9,4,3,1,0,1,,,7.6
Mason Mount,Midfielder,90,29,0,0,0,85%,1,0,100%,0,1,0,0,3,0,0,34,51,1,2,1,1,0,0,2,5,0,1,4,1,0,2,0,,,,6.4
Cheikhou Kouyaté,Midfielder,67,11,0,0,0,79%,0,0,0%,0,0,0,1,0,0,1,14,29,1,1,1,2,1,0,4,3,0,2,6,1,0,1,0,1,,,6
Luka Milivojevic,Midfielder,90,25,0,0,0,69%,0,0,0%,0,0,0,3,4,1,8,36,49,0,1,1,1,0,0,2,2,0,3,8,1,1,0,0,,,,6.6
James McArthur,Midfielder,90,30,0,0,0,73%,1,0,0%,1,0,0,4,0,0,10,41,65,1,1,0,1,0,0,8,3,1,4,7,2,1,0,0,,,,6.1
Wilfred Ndidi,Midfielder,90,44,0,0,0,85%,2,0,0%,2,0,0,4,0,1,6,52,70,1,1,2,0,2,1,4,6,1,4,13,3,3,1,0,,,,7.6
Youri Tielemans,Midfielder,90,37,0,0,0,80%,2,0,50%,1,1,0,4,0,1,4,46,62,1,1,1,1,2,2,4,7,2,2,4,2,1,2,0,,,,7.2
James Maddison,Midfielder,90,43,0,0,0,81%,2,1,0%,0,0,0,4,16,6,4,53,86,0,0,1,0,0,0,2,7,1,0,1,3,1,4,0,,,,7.9
James Milner,Midfielder,90,66,0,0,0,90%,1,0,0%,1,0,0,4,2,1,7,73,89,0,3,2,0,1,1,1,6,1,0,5,0,0,2,0,,1,,7.5
Jordan Henderson,Midfielder,90,62,0,0,0,77%,2,0,0%,2,0,0,5,2,1,10,81,91,1,5,0,1,2,1,6,7,1,1,7,1,1,0,0,,1,,7.3
Scott McTominay,Midfielder,90,41,0,0,0,77%,3,3,0%,0,0,0,4,2,4,6,53,76,3,6,4,1,3,2,7,13,3,2,9,3,2,2,0,,,,7.9
Fred,Midfielder,90,73,0,0,0,91%,2,0,0%,2,0,0,2,13,3,5,80,117,1,0,1,2,5,4,6,5,1,1,12,1,1,0,0,,,,7.3
Daniel James,Midfielder,86,21,1,0,0,84%,5,1,40%,2,2,0,0,5,3,0,25,46,1,0,1,1,1,1,3,5,0,0,2,1,1,3,0,1,,,8
Jesse Lingard,Midfielder,65,23,0,0,0,85%,1,0,0%,1,0,0,0,0,2,0,27,40,1,0,0,0,1,0,5,1,3,0,2,0,0,1,0,1,,,6
George Baldock,Midfielder,90,39,0,0,0,75%,0,0,0%,0,0,0,2,6,0,4,52,80,1,1,3,1,1,1,5,4,2,1,5,2,1,0,0,,,,7.1
John Lundstram,Midfielder,90,40,1,1,0,85%,1,1,0%,0,0,0,3,4,2,5,47,59,3,1,2,0,0,0,4,3,1,0,2,2,1,0,0,,,,7.9
Oliver Norwood,Midfielder,86,73,0,2,0,88%,0,0,0%,0,0,0,16,4,2,21,83,95,1,2,0,0,0,0,5,6,3,1,11,2,0,2,0,1,1,,7.4
John Fleck,Midfielder,90,25,0,2,2,81%,2,0,100%,0,2,0,2,3,0,2,31,48,1,1,1,0,4,3,2,5,0,0,7,0,0,1,0,,1,,9
Enda Stevens,Midfielder,90,28,0,1,0,67%,1,0,0%,1,0,0,3,4,1,10,42,76,4,1,1,1,1,0,7,3,1,5,7,1,0,1,0,,,,6.9
Moussa Djenepo,Midfielder,90,14,0,0,0,64%,1,0,0%,1,0,0,0,2,2,1,22,48,0,1,0,1,3,1,8,10,3,1,4,4,4,4,0,,,,6.9
James Ward-Prowse,Midfielder,90,43,0,0,0,83%,2,0,50%,1,1,0,4,8,0,6,52,68,0,4,0,1,1,1,2,5,0,0,7,0,0,0,0,,,,6.4
Pierre-Emile Højbjerg,Midfielder,90,52,0,0,0,75%,3,0,0%,3,0,0,2,2,2,5,69,89,2,4,0,1,2,0,7,6,1,2,16,1,1,2,0,,1,,6.5
Leander Dendoncker,Midfielder,90,36,0,0,0,82%,0,0,0%,0,0,0,3,0,0,5,44,57,2,2,3,2,1,1,12,6,3,3,6,3,1,0,0,,1,,5.5
Romain Saiss,Midfielder,90,35,0,0,0,70%,2,1,50%,0,1,0,2,0,1,7,50,61,3,4,0,0,0,0,5,8,2,2,6,3,1,1,0,,1,,6.3
Ruben Neves,Midfielder,90,46,0,0,0,75%,2,2,0%,0,0,0,7,0,2,12,61,74,2,0,1,0,2,2,4,5,3,1,9,2,0,1,0,,,,7
Joao Moutinho,Midfielder,90,56,0,0,0,85%,1,1,0%,0,0,0,4,16,5,6,66,89,0,1,0,1,2,2,7,6,1,0,12,3,3,0,0,,1,,7.3
Diogo Jota,Midfielder,90,32,0,0,0,89%,4,2,0%,2,0,0,1,1,2,2,36,59,2,2,0,1,7,4,7,8,1,0,4,0,0,2,0,,,,6.9
Douglas Luiz,Midfielder,90,32,0,0,0,82%,4,2,0%,2,0,0,3,4,1,5,39,62,2,0,0,2,3,3,9,6,3,0,8,0,0,3,0,,,,5.9
Jack Grealish,Midfielder,90,40,0,0,1,85%,3,0,100%,0,3,0,2,4,7,2,47,79,0,1,0,3,7,4,7,9,1,0,3,0,0,4,0,,,,8.6
Jack Stacey,Midfielder,90,32,0,0,0,76%,0,0,0%,0,0,0,0,1,1,6,42,65,1,1,4,1,0,0,3,4,1,0,6,1,1,2,0,,,,6.4
Philip Billing,Midfielder,86,33,0,0,0,92%,0,0,0%,0,0,0,0,1,0,0,36,52,3,2,3,0,0,0,3,8,0,0,6,4,4,2,0,1,,,6.8
Jefferson Lerma,Midfielder,90,48,0,0,0,81%,2,0,0%,2,0,0,7,0,0,10,59,77,5,1,2,0,0,0,7,5,4,1,4,3,2,1,0,,,,6.3
Dan Gosling,Midfielder,90,25,0,0,0,76%,0,0,0%,0,0,0,3,0,0,4,33,46,1,2,1,1,0,0,5,8,3,1,6,3,1,3,0,,,,6.3
Ryan Fraser,Midfielder,90,27,0,0,0,75%,0,0,0%,0,0,0,1,7,1,1,36,52,3,1,1,0,0,0,3,3,0,0,2,0,0,2,0,,,,6.3
Davy Pröpper,Midfielder,90,46,0,0,0,88%,1,1,0%,0,0,0,1,5,0,2,52,70,1,1,0,0,4,1,8,4,1,0,4,1,1,1,0,,,,6
Dale Stephens,Midfielder,90,74,0,0,0,81%,0,0,0%,0,0,0,2,0,1,4,91,99,2,3,0,2,0,0,6,3,1,2,10,0,0,0,0,,,,6.2
Aaron Mooy,Midfielder,90,52,0,0,0,90%,1,0,100%,0,1,0,4,11,2,5,58,88,1,0,0,5,3,3,6,5,0,1,4,1,0,1,0,,,,6.3
Fabian Delph,Midfielder,72,33,0,0,0,89%,0,0,0%,0,0,0,1,1,0,3,37,49,0,0,1,0,3,2,4,4,0,2,9,2,0,0,0,1,,,6.8
Tom Davies,Midfielder,90,21,0,0,0,78%,1,0,0%,1,0,0,1,2,1,2,27,43,4,0,1,2,2,2,7,3,1,0,2,0,0,1,0,,1,,6.2
Gylfi Sigurdsson,Midfielder,90,20,0,0,0,91%,2,1,0%,1,0,0,2,5,0,2,22,41,0,1,0,1,3,1,8,4,2,2,2,1,1,1,0,,1,,6.2
Fernandinho,Midfielder,90,85,0,0,0,91%,0,0,0%,0,0,0,7,0,0,10,93,98,3,1,0,0,0,0,5,5,1,0,4,4,3,0,0,,,,6.9
Kevin De Bruyne,Midfielder,89,28,1,1,0,82%,4,1,50%,1,2,0,0,4,7,1,34,62,1,0,1,1,3,2,4,9,1,0,3,5,3,2,0,1,1,,8.9
Ilkay Gündogan,Midfielder,79,62,0,1,1,94%,2,0,50%,1,1,0,10,0,1,10,66,74,0,1,0,0,0,0,0,2,0,2,4,0,0,1,0,1,1,,8.1
Bernardo Silva,Midfielder,90,89,0,0,0,93%,0,0,0%,0,0,0,2,1,1,4,96,106,1,0,0,1,0,0,4,3,2,1,5,2,1,1,0,,,,6.9
Riyad Mahrez,Midfielder,90,39,0,1,1,87%,10,1,40%,4,4,0,4,5,4,4,45,77,0,0,0,1,5,3,5,6,1,1,2,2,0,1,0,,,,8.7
Isaac Hayden,Midfielder,64,11,0,0,0,55%,0,0,0%,0,0,0,1,3,0,1,20,26,0,2,0,0,1,1,1,4,0,0,3,1,1,0,0,1,,,6.7
Jonjo Shelvey,Midfielder,90,27,0,0,0,77%,2,1,0%,1,0,0,6,3,1,9,35,51,1,1,0,1,2,2,5,5,1,2,5,1,1,1,0,,,,7.2
Miguel Almiron,Midfielder,90,33,0,1,1,94%,2,0,100%,0,2,0,2,2,0,2,35,54,1,0,1,1,5,2,9,6,1,2,6,4,3,0,0,,1,,8.1
Alexander Tettey,Midfielder,87,52,0,0,0,88%,2,1,50%,0,1,0,1,0,0,3,59,70,1,0,1,2,1,1,6,2,2,1,9,0,0,1,0,1,,,5.6
Tom Trybull,Midfielder,86,41,0,0,0,91%,0,0,0%,0,0,0,3,0,0,4,45,62,1,1,5,1,1,1,5,8,0,0,5,3,1,3,0,1,,,6.2
Emiliano Buendia,Midfielder,90,52,0,2,0,84%,1,0,0%,1,0,0,3,7,9,5,62,98,2,4,0,1,11,9,7,19,1,0,7,1,1,5,0,,,,8.8
Kenny McLean,Midfielder,90,37,0,0,0,76%,2,0,50%,1,1,0,4,2,0,5,49,67,4,5,3,1,3,2,7,7,0,0,5,0,0,0,0,,,,6.4
Todd Cantwell,Midfielder,86,35,0,0,1,85%,1,0,100%,0,1,0,1,0,0,1,41,55,0,1,1,0,2,1,4,5,1,0,12,3,2,0,0,1,,,7.6
Moussa Sissoko,Midfielder,90,36,0,0,0,90%,0,0,0%,0,0,0,0,0,1,0,40,57,0,1,0,2,6,4,7,7,2,2,4,2,0,0,0,,1,,6.6
Lucas Moura,Midfielder,74,10,0,0,0,77%,0,0,0%,0,0,0,0,0,0,1,13,27,2,0,2,4,1,1,9,3,0,1,2,1,0,1,0,1,,,5.2
Dele Alli,Midfielder,90,35,0,0,0,85%,0,0,0%,0,0,0,3,0,0,3,41,55,0,2,1,2,0,0,6,5,1,1,7,1,1,2,0,,1,,5.9
Étienne Capoue,Midfielder,77,21,0,0,0,70%,0,0,0%,0,0,0,1,1,0,6,30,44,0,2,3,1,3,3,5,8,4,0,4,2,0,1,0,1,1,,7.1
Will Hughes,Midfielder,90,27,0,0,0,71%,1,0,0%,1,0,0,0,4,1,6,38,58,0,1,2,1,0,0,6,8,2,0,8,6,2,1,0,,,,7.3
Ismaila Sarr,Midfielder,87,10,0,0,1,63%,2,1,50%,0,1,0,0,3,0,0,16,39,2,0,0,2,7,2,11,6,1,0,5,0,0,4,0,1,,,7.7
Abdoulaye Doucouré,Midfielder,69,22,0,0,0,88%,1,0,0%,1,0,0,0,1,0,0,25,35,3,0,0,0,1,1,7,1,3,1,6,0,0,0,0,1,1,,6.2
Robert Snodgrass,Midfielder,90,16,0,1,0,76%,1,0,100%,0,1,0,2,6,2,3,21,32,1,0,0,1,1,1,4,1,1,0,3,0,0,0,0,,,,6
Declan Rice,Midfielder,90,27,0,0,0,77%,2,0,100%,0,2,0,2,2,1,5,35,56,0,0,1,1,3,2,4,5,1,3,6,3,1,0,0,,,,7
Mark Noble,Midfielder,90,38,0,0,0,79%,1,0,0%,1,0,0,1,0,0,5,48,62,0,0,0,1,2,1,4,6,1,1,14,2,1,3,0,,1,,6.4
Manuel Lanzini,Midfielder,69,24,0,0,0,89%,1,0,100%,0,1,0,0,2,1,0,27,39,0,0,0,0,0,0,2,2,0,1,6,1,1,1,0,1,,,6.3
Douglas Luiz,Midfielder,90,27,0,0,0,71%,2,0,0%,2,0,0,1,0,0,4,38,51,2,0,1,0,0,0,11,7,6,0,8,4,4,3,0,,1,,6.7
Jack Grealish,Midfielder,90,34,1,0,0,85%,2,0,50%,1,1,0,0,9,2,0,40,64,1,3,0,1,4,4,2,13,0,0,8,1,0,6,0,,,,8.3
Trezeguet,Midfielder,84,16,0,0,0,73%,2,1,0%,0,0,0,0,1,2,2,22,41,2,1,0,2,1,0,10,3,2,3,6,2,2,0,0,1,,,6.3
Jack Stacey,Midfielder,90,28,1,1,0,85%,1,0,0%,1,0,0,0,3,1,1,33,60,0,1,3,1,0,0,1,3,0,2,9,1,1,1,0,,,,7.5
Ryan Fraser,Midfielder,90,21,0,0,0,81%,2,2,0%,0,0,0,0,11,1,1,26,40,1,0,0,0,1,1,1,1,0,0,1,0,0,0,0,,,,6.5
Lewis Cook,Midfielder,90,32,0,0,0,76%,0,0,0%,0,0,0,1,2,0,2,42,62,0,2,2,1,2,1,4,8,1,1,9,1,0,4,0,,1,,6.7
Jefferson Lerma,Midfielder,90,47,0,0,0,84%,1,0,0%,1,0,0,7,1,2,11,56,71,1,1,3,0,0,0,3,6,2,1,10,4,2,1,0,,1,,7.1
Dan Gosling,Midfielder,70,20,0,1,1,80%,1,0,100%,0,1,0,1,0,0,1,25,45,1,0,2,1,0,0,2,2,0,1,2,2,1,0,0,1,,,7.3
N'Golo Kanté,Midfielder,90,66,0,0,0,87%,0,0,0%,0,0,0,1,3,1,2,76,102,4,1,1,4,4,3,12,7,2,1,5,3,3,0,0,,1,,5.3
Jorginho,Midfielder,90,85,0,0,0,82%,0,0,0%,0,0,0,5,0,1,11,104,121,3,0,1,1,3,1,9,5,1,2,15,3,2,1,0,,1,,6.6
Cheikhou Kouyaté,Midfielder,88,24,0,1,1,77%,3,1,33%,1,1,0,1,0,0,2,31,50,1,5,2,2,2,1,6,7,0,0,5,1,1,0,0,1,,,7.6
Luka Milivojevic,Midfielder,90,64,0,0,0,84%,2,0,0%,2,0,0,5,6,1,8,76,92,6,1,2,0,0,0,8,1,0,1,12,0,0,1,0,,,,6.2
James McArthur,Midfielder,90,51,0,0,0,85%,0,0,0%,0,0,0,1,6,0,2,60,78,1,0,0,1,1,0,8,2,0,1,4,1,0,1,0,,,,5.8
Max Meyer,Midfielder,75,18,0,0,0,64%,1,0,0%,1,0,0,0,1,1,1,28,47,3,0,0,2,1,0,8,7,0,1,1,5,3,2,0,1,,,6.6
Gylfi Sigurdsson,Midfielder,90,42,0,0,0,88%,2,1,0%,1,0,0,0,17,4,0,48,81,2,2,1,2,0,0,7,4,3,3,7,1,1,1,0,,,,7.1
Fabian Delph,Midfielder,90,55,0,0,0,87%,1,1,0%,0,0,0,5,1,2,8,63,71,1,0,1,0,1,1,2,1,1,0,6,0,0,0,0,,,,6.9
Bernard,Midfielder,77,31,0,0,0,84%,1,1,0%,0,0,0,0,2,3,0,37,49,2,0,0,1,3,3,4,5,1,1,3,1,1,1,0,1,,,7.3
Wilfred Ndidi,Midfielder,90,44,0,0,0,86%,0,0,0%,0,0,0,3,0,0,5,51,70,0,2,3,0,5,3,4,11,0,1,8,6,5,0,0,,,,5.9
Dennis Praet,Midfielder,72,19,0,0,0,83%,1,0,0%,1,0,0,0,2,0,2,23,37,2,0,0,0,1,0,4,1,0,1,6,0,0,1,0,1,,,5.7
Youri Tielemans,Midfielder,90,30,0,0,0,83%,1,1,0%,0,0,0,3,0,0,4,36,53,0,0,1,0,2,1,6,3,1,2,2,2,0,0,0,,,,6.1
James Maddison,Midfielder,76,17,0,0,0,89%,0,0,0%,0,0,0,0,3,0,2,19,31,2,0,0,1,1,0,7,3,2,0,2,1,1,2,0,1,1,,5.5
Fred,Midfielder,90,115,0,0,0,93%,2,0,50%,1,1,0,11,6,3,12,124,136,0,0,0,1,1,0,8,0,3,1,8,0,0,0,0,,,,6.8
Mason Greenwood,Midfielder,90,32,0,0,1,84%,2,1,50%,0,1,0,0,2,2,0,38,54,1,0,0,1,4,3,6,5,1,0,7,2,1,0,0,,,,8
Andreas Pereira,Midfielder,90,44,1,0,0,96%,3,0,33%,2,1,0,2,1,2,2,46,61,4,0,0,2,1,1,8,3,1,0,4,0,0,2,0,,1,,7.3
George Baldock,Midfielder,90,23,0,0,0,68%,0,0,0%,0,0,0,0,2,1,3,34,61,0,1,0,0,0,0,2,5,2,0,5,1,1,4,0,,,,7.1
Oliver Norwood,Midfielder,90,71,0,1,1,80%,2,0,50%,1,1,0,19,10,2,27,89,113,1,1,1,1,2,2,4,5,1,1,10,2,1,0,0,,,,8.3
John Fleck,Midfielder,90,31,0,0,0,70%,2,0,50%,1,1,0,3,10,1,7,44,64,2,0,0,1,1,1,4,1,1,1,7,0,0,0,0,,,,6.3
Moussa Sissoko,Midfielder,90,36,0,0,0,84%,1,0,100%,0,1,0,1,0,2,1,43,57,1,0,2,1,3,1,8,3,2,1,11,2,2,0,0,,1,,7
Harry Winks,Midfielder,68,61,0,0,0,86%,0,0,0%,0,0,0,1,1,0,2,71,82,1,1,0,0,1,1,7,4,2,3,5,2,2,0,0,1,1,,7
Lucas Moura,Midfielder,76,20,0,0,0,69%,3,2,0%,1,0,0,0,4,0,1,29,57,1,0,0,1,4,2,11,8,1,0,7,4,1,2,0,1,1,,6.6
Dele Alli,Midfielder,90,33,0,0,1,66%,2,0,100%,0,2,0,0,1,1,1,50,65,3,0,1,1,2,1,7,2,1,1,5,0,0,1,0,,,,7.7
Leander Dendoncker,Midfielder,90,54,0,0,0,93%,1,0,100%,0,1,0,0,0,0,1,58,71,2,1,1,0,1,1,4,6,1,3,2,4,0,0,0,,,,6.9
Romain Saiss,Midfielder,90,74,0,0,0,89%,2,0,0%,2,0,0,5,1,1,9,83,93,2,4,0,0,0,0,3,7,1,0,6,1,1,2,0,,,,6.9
Ruben Neves,Midfielder,90,86,1,0,0,88%,2,1,50%,0,1,0,5,1,3,8,98,107,1,1,0,0,1,1,2,3,0,2,11,1,0,0,0,,,,8.3
Joao Moutinho,Midfielder,90,77,0,1,0,94%,1,0,100%,0,1,0,8,7,6,8,82,94,1,0,0,0,0,0,5,2,1,0,5,1,1,1,0,,,,7.7
Diogo Jota,Midfielder,79,21,0,0,0,88%,2,1,0%,1,0,0,0,4,1,1,24,50,5,3,0,4,3,1,12,10,0,0,1,2,2,4,0,1,,,6.6
Lucas Torreira,Midfielder,90,47,0,0,0,89%,1,0,0%,1,0,0,3,0,0,4,53,67,0,0,1,1,3,3,6,7,1,3,7,0,0,4,0,,1,,6.3
Matteo Guendouzi,Midfielder,90,25,0,0,0,81%,0,0,0%,0,0,0,1,0,0,1,31,46,0,1,3,0,3,1,5,7,2,2,7,3,2,2,0,,1,,6.5
Mesut Özil,Midfielder,76,27,0,0,0,84%,0,0,0%,0,0,0,0,3,2,1,32,46,1,1,0,3,1,1,7,6,2,0,2,1,1,3,0,1,,,6.2
Davy Pröpper,Midfielder,90,44,0,0,0,88%,0,0,0%,0,0,0,2,0,1,3,50,60,2,3,2,0,0,0,3,6,0,2,12,1,0,2,0,,,,7.4
Yves Bissouma,Midfielder,89,39,0,0,0,81%,1,0,100%,0,1,0,1,0,1,5,48,70,0,2,3,2,3,2,3,9,0,2,8,5,4,0,0,1,,,8
Aaron Mooy,Midfielder,84,39,0,0,1,81%,4,1,25%,2,1,0,1,11,5,2,48,76,1,0,0,1,4,3,4,4,1,0,4,1,1,0,0,1,,,8.5
Leandro Trossard,Midfielder,90,31,1,0,0,84%,1,1,0%,0,0,0,3,4,4,3,37,52,0,1,0,0,0,0,3,4,0,1,6,2,2,1,0,,,,8.2
Ashley Westwood,Midfielder,90,22,0,0,0,92%,0,0,0%,0,0,0,3,8,2,4,24,37,0,0,0,0,0,0,2,2,0,0,5,2,2,0,0,,,,6.4
Jack Cork,Midfielder,86,21,0,0,0,81%,0,0,0%,0,0,0,1,0,0,3,26,38,1,0,1,0,0,0,6,4,2,1,10,2,0,2,0,1,,,5.9
Adam Lallana,Midfielder,67,19,1,1,0,79%,0,0,0%,0,0,0,1,1,1,2,24,46,3,0,0,2,0,0,11,4,2,2,3,4,1,0,0,1,1,,6.7
Jordan Henderson,Midfielder,90,78,0,0,0,89%,0,0,0%,0,0,0,7,0,1,7,88,97,0,0,1,0,0,0,4,3,0,1,6,3,2,0,0,,,,7.3
Georginio Wijnaldum,Midfielder,86,39,0,0,0,85%,2,1,0%,1,0,0,1,0,0,1,46,62,10,5,0,1,3,1,16,7,2,2,5,1,0,0,0,1,,,6
Kevin De Bruyne,Midfielder,90,54,1,1,1,76%,5,1,40%,2,2,0,2,6,1,3,71,99,2,1,0,1,4,0,11,3,0,0,4,2,1,0,0,,,,8.2
Rodri,Midfielder,90,118,0,0,0,92%,1,1,0%,0,0,0,6,0,2,6,128,136,2,3,0,1,1,1,5,5,0,1,10,1,1,0,0,,,,7.5
Isaac Hayden,Midfielder,90,34,0,0,0,94%,1,0,0%,1,0,0,3,2,1,3,36,62,1,1,5,0,4,1,8,7,2,1,7,3,1,2,0,,1,,6.6
Jonjo Shelvey,Midfielder,90,31,0,0,0,78%,2,0,0%,2,0,0,8,7,2,14,40,56,0,1,0,0,2,1,3,3,1,0,6,1,1,0,0,,,,6.7
Miguel Almiron,Midfielder,90,11,0,0,0,85%,4,1,0%,3,0,0,1,1,0,1,13,34,3,0,1,0,3,1,7,4,1,1,2,1,1,2,0,,,,6.5
Alexander Tettey,Midfielder,86,31,0,0,0,82%,0,0,0%,0,0,0,1,0,1,4,38,45,0,0,0,0,1,0,3,2,2,1,6,2,1,0,0,1,,,6.1
Mario Vrancic,Midfielder,75,32,0,0,1,71%,1,0,100%,0,1,0,4,0,1,8,45,58,0,3,1,0,1,0,5,7,2,2,9,3,2,1,0,1,1,,8
Emiliano Buendia,Midfielder,90,34,1,0,0,85%,0,0,0%,0,0,0,0,7,2,0,40,75,4,3,1,0,5,0,13,10,2,3,10,6,5,1,0,,,,7.9
Marco Stiepermann,Midfielder,70,19,0,0,0,66%,1,0,100%,0,1,0,0,0,0,0,29,38,3,1,1,2,0,0,10,4,2,0,5,3,0,0,0,1,,,5.6
Onel Hernández,Midfielder,90,10,0,0,0,53%,1,0,0%,1,0,0,0,1,0,3,19,35,5,1,2,3,3,1,12,5,0,0,7,2,1,1,0,,,,5.6
Sofiane Boufal,Midfielder,68,24,0,0,0,86%,0,0,0%,0,0,0,1,5,0,1,28,59,0,0,0,2,10,6,10,9,2,1,3,1,0,2,0,1,,,6.5
Pierre-Emile Højbjerg,Midfielder,90,66,0,0,0,86%,2,1,0%,1,0,0,7,2,1,10,77,93,2,3,0,0,3,2,7,10,1,1,12,4,4,1,0,,,,7.5
James Ward-Prowse,Midfielder,90,54,0,1,0,87%,2,1,50%,0,1,0,5,15,4,8,62,96,4,3,1,0,2,1,11,9,3,1,6,5,2,0,0,,1,,7.3
Nathan Redmond,Midfielder,90,20,0,0,0,67%,0,0,0%,0,0,0,0,0,1,1,30,43,1,1,0,0,3,2,5,5,2,2,7,1,1,1,0,,,,6.9
Étienne Capoue,Midfielder,90,47,1,1,0,87%,1,1,0%,0,0,0,7,3,3,12,54,77,0,0,5,2,2,2,7,5,3,2,7,2,1,1,0,,1,,8.1
Ismaila Sarr,Midfielder,90,24,0,1,1,77%,5,3,20%,1,1,0,1,6,1,1,31,63,1,2,0,3,2,1,9,10,2,3,5,2,2,5,0,,1,,8.1
Abdoulaye Doucouré,Midfielder,90,40,0,0,0,73%,3,1,33%,1,1,0,0,0,0,2,55,65,3,1,0,0,0,0,4,5,1,0,12,4,3,0,0,,,,7.2
Ryan Fredericks,Midfielder,90,19,0,0,0,61%,0,0,0%,0,0,0,0,2,1,5,31,58,2,1,1,0,1,1,8,5,4,0,9,3,1,0,0,,,,5.8
Declan Rice,Midfielder,90,38,0,0,0,72%,1,0,100%,0,1,0,5,1,2,11,53,65,0,4,1,0,1,1,5,7,3,0,12,2,0,0,0,,1,,6.6
Carlos Sánchez,Midfielder,62,22,0,0,0,79%,0,0,0%,0,0,0,1,0,0,4,28,33,0,2,0,0,1,1,1,4,1,2,3,1,0,0,0,1,,,6.1
Pablo Fornals,Midfielder,90,21,0,0,1,81%,1,0,100%,0,1,0,2,3,1,4,26,43,0,0,1,0,5,4,2,7,1,2,3,2,2,1,0,,,,8.1
Manuel Lanzini,Midfielder,70,26,0,0,0,76%,1,1,0%,0,0,0,2,3,2,5,34,43,2,0,0,0,2,1,4,1,1,0,5,0,0,0,0,1,,,6.1
Felipe Anderson,Midfielder,90,31,1,0,0,69%,0,0,0%,0,0,0,3,2,3,4,45,68,0,0,0,0,6,5,4,10,1,2,5,3,3,2,0,,,,8.2
Ainsley Maitland-Niles,Midfielder,90,62,0,0,0,85%,0,0,0%,0,0,0,6,2,0,8,73,97,0,0,2,1,3,2,5,6,1,4,5,3,2,1,0,,,,7.7
Lucas Torreira,Midfielder,90,35,0,0,0,88%,1,0,0%,1,0,0,0,0,0,1,40,52,0,0,4,0,0,0,5,3,2,2,8,2,2,1,0,,,,7
Granit Xhaka,Midfielder,90,51,0,0,0,93%,0,0,0%,0,0,0,6,1,0,7,55,73,1,0,0,0,2,1,4,7,1,2,9,3,1,3,0,,,,7.3
Mesut Özil,Midfielder,90,43,0,0,0,84%,0,0,0%,0,0,0,2,0,1,3,51,58,2,0,0,1,2,1,7,3,1,1,11,1,0,1,0,,,,6.5
Aaron Mooy,Midfielder,68,17,0,0,0,68%,0,0,0%,0,0,0,1,6,2,3,25,43,0,1,0,0,0,0,0,3,0,0,3,2,1,0,0,1,,,6.8